Workbook

Sheet Sheet7
B4: 17.5 | C4: 12.5 | D4: =B4/C4 -> 1.4
D36: 1.4
D37: 1.75
D38: =D36/D37 -> 0.8

Sheet Charts

Sheet $_day

Sheet $_ft

Sheet Sheet6
B46: Bagaimana menjawab pertanyaan "bayar mahal tapi lancar"?

Sheet DashBoard.Tab.Template
B2: Asset | C2: Asset_Label | D2: Campaign | E2: Camp_Label | F2: Well | G2: Well_Label | H2: No of Wells Drilled | I2: Campaign Cost USD mn | J2: Well Cost USD mn | K2: Drilling Shared Cost USD mn | L2: Support Cost USD | M2: Surface Facilities Cost USD | N2: Campaign Cost per Well USD | O2: Actual Total Depth ft MD | P2: Drilling Duration days
B3: Darajat | C3: Darajat | D3: DRJ - 2019 | E3: DRJ - 2019 | F3: DRJ-44OH | G3: DRJ-44OH | H3: =COUNTIFS(tab_DB_Temp[Campaign], tab_DB_Temp[[#This Row],[Campaign]])*1 -> 5 | I3: {=SUMPRODUCT(Table1[Actual Cost USD]*(Table1[Campaign]=tab_DB_Temp[[#This Row],[Campaign]]))/1000000} -> 42.003384 | J3: {=SUMPRODUCT(Table1[Actual Cost USD]*(Table1[Well]=tab_DB_Temp[[#This Row],[Well]])*(Table1[Level 3]="Well Cost"))/1000000} -> 4.2156197 | K3: {=(SUMPRODUCT(Table1[Actual Cost USD]*(Table1[Campaign]=tab_DB_Temp[[#This Row],[Campaign]])*(Table1[Level 2]="Drilling Cost")*(Table1[Level 3]<>"Well Cost")) + SUMPRODUCT(Table1[Actual Cost USD]*(Table1[Campaign]=tab_DB_Temp[[#This Row],[Campaign]])*(Table1[Level 3]="Well Cost")*(Table1[Well]="General")))/tab_DB_Temp[[#This Row],[No of Wells Drilled]]/1000000} -> 0.8960439 | L3: {=SUMPRODUCT(Table1[Actual Cost USD]*(Table1[Level 2]="Support Cost")*(Table1[Campaign]=tab_DB_Temp[[#This Row],[Campaign]]))/tab_DB_Temp[[#This Row],[No of Wells Drilled]]/1000000} -> 0.46408771 | M3: {=SUMPRODUCT(Table1[Actual Cost USD]*(Table1[Level 2]="Surface Facilities Cost")*(Table1[Campaign]=tab_DB_Temp[[#This Row],[Campaign]]))/tab_DB_Temp[[#This Row],[No of Wells Drilled]]/1000000} -> 1.6157892 | N3: =SUM(tab_DB_Temp[[#This Row],[Well Cost USD mn]:[Surface Facilities Cost USD]])*1 -> 7.1915405 | O3: =IFERROR(INDEX(Table2[Actual depth, ft MD], MATCH(tab_DB_Temp[[#This Row],[Well]], Table2[Well Name Actual], 0))*1, 0) -> 0 | P3: =IFERROR(INDEX(Table2[Drilling Duration, days equivalent], MATCH(tab_DB_Temp[[#This Row],[Well]], Table2[Well Name Actual],0))*1, 0) -> 0
B4: Darajat | C4: Darajat | D4: DRJ - 2019 | E4: DRJ - 2019 | F4: DRJ-45OH | G4: DRJ-45OH | H4: =COUNTIFS(tab_DB_Temp[Campaign], tab_DB_Temp[[#This Row],[Campaign]])*1 -> 5 | I4: {=SUMPRODUCT(Table1[Actual Cost USD]*(Table1[Campaign]=tab_DB_Temp[[#This Row],[Campaign]]))/1000000} -> 42.003384 | J4: {=SUMPRODUCT(Table1[Actual Cost USD]*(Table1[Well]=tab_DB_Temp[[#This Row],[Well]])*(Table1[Level 3]="Well Cost"))/1000000} -> 6.556112 | K4: {=(SUMPRODUCT(Table1[Actual Cost USD]*(Table1[Campaign]=tab_DB_Temp[[#This Row],[Campaign]])*(Table1[Level 2]="Drilling Cost")*(Table1[Level 3]<>"Well Cost")) + SUMPRODUCT(Table1[Actual Cost USD]*(Table1[Campaign]=tab_DB_Temp[[#This Row],[Campaign]])*(Table1[Level 3]="Well Cost")*(Table1[Well]="General")))/tab_DB_Temp[[#This Row],[No of Wells Drilled]]/1000000} -> 0.8960439 | L4: {=SUMPRODUCT(Table1[Actual Cost USD]*(Table1[Level 2]="Support Cost")*(Table1[Campaign]=tab_DB_Temp[[#This Row],[Campaign]]))/tab_DB_Temp[[#This Row],[No of Wells Drilled]]/1000000} -> 0.46408771 | M4: {=SUMPRODUCT(Table1[Actual Cost USD]*(Table1[Level 2]="Surface Facilities Cost")*(Table1[Campaign]=tab_DB_Temp[[#This Row],[Campaign]]))/tab_DB_Temp[[#This Row],[No of Wells Drilled]]/1000000} -> 1.6157892 | N4: =SUM(tab_DB_Temp[[#This Row],[Well Cost USD mn]:[Surface Facilities Cost USD]])*1 -> 9.5320328 | O4: =IFERROR(INDEX(Table2[Actual depth, ft MD], MATCH(tab_DB_Temp[[#This Row],[Well]], Table2[Well Name Actual], 0))*1, 0) -> 0 | P4: =IFERROR(INDEX(Table2[Drilling Duration, days equivalent], MATCH(tab_DB_Temp[[#This Row],[Well]], Table2[Well Name Actual],0))*1, 0) -> 0
B5: Darajat | C5: Darajat | D5: DRJ - 2019 | E5: DRJ - 2019 | F5: DRJ-46OH | G5: DRJ-46OH | H5: =COUNTIFS(tab_DB_Temp[Campaign], tab_DB_Temp[[#This Row],[Campaign]])*1 -> 5 | I5: {=SUMPRODUCT(Table1[Actual Cost USD]*(Table1[Campaign]=tab_DB_Temp[[#This Row],[Campaign]]))/1000000} -> 42.003384 | J5: {=SUMPRODUCT(Table1[Actual Cost USD]*(Table1[Well]=tab_DB_Temp[[#This Row],[Well]])*(Table1[Level 3]="Well Cost"))/1000000} -> 5.9691517 | K5: {=(SUMPRODUCT(Table1[Actual Cost USD]*(Table1[Campaign]=tab_DB_Temp[[#This Row],[Campaign]])*(Table1[Level 2]="Drilling Cost")*(Table1[Level 3]<>"Well Cost")) + SUMPRODUCT(Table1[Actual Cost USD]*(Table1[Campaign]=tab_DB_Temp[[#This Row],[Campaign]])*(Table1[Level 3]="Well Cost")*(Table1[Well]="General")))/tab_DB_Temp[[#This Row],[No of Wells Drilled]]/1000000} -> 0.8960439 | L5: {=SUMPRODUCT(Table1[Actual Cost USD]*(Table1[Level 2]="Support Cost")*(Table1[Campaign]=tab_DB_Temp[[#This Row],[Campaign]]))/tab_DB_Temp[[#This Row],[No of Wells Drilled]]/1000000} -> 0.46408771 | M5: {=SUMPRODUCT(Table1[Actual Cost USD]*(Table1[Level 2]="Surface Facilities Cost")*(Table1[Campaign]=tab_DB_Temp[[#This Row],[Campaign]]))/tab_DB_Temp[[#This Row],[No of Wells Drilled]]/1000000} -> 1.6157892 | N5: =SUM(tab_DB_Temp[[#This Row],[Well Cost USD mn]:[Surface Facilities Cost USD]])*1 -> 8.9450725 | O5: =IFERROR(INDEX(Table2[Actual depth, ft MD], MATCH(tab_DB_Temp[[#This Row],[Well]], Table2[Well Name Actual], 0))*1, 0) -> 0 | P5: =IFERROR(INDEX(Table2[Drilling Duration, days equivalent], MATCH(tab_DB_Temp[[#This Row],[Well]], Table2[Well Name Actual],0))*1, 0) -> 0
B6: Darajat | C6: Darajat | D6: DRJ - 2019 | E6: DRJ - 2019 | F6: DRJ-47OH | G6: DRJ-47OH | H6: =COUNTIFS(tab_DB_Temp[Campaign], tab_DB_Temp[[#This Row],[Campaign]])*1 -> 5 | I6: {=SUMPRODUCT(Table1[Actual Cost USD]*(Table1[Campaign]=tab_DB_Temp[[#This Row],[Campaign]]))/1000000} -> 42.003384 | J6: {=SUMPRODUCT(Table1[Actual Cost USD]*(Table1[Well]=tab_DB_Temp[[#This Row],[Well]])*(Table1[Level 3]="Well Cost"))/1000000} -> 4.803795 | K6: {=(SUMPRODUCT(Table1[Actual Cost USD]*(Table1[Campaign]=tab_DB_Temp[[#This Row],[Campaign]])*(Table1[Level 2]="Drilling Cost")*(Table1[Level 3]<>"Well Cost")) + SUMPRODUCT(Table1[Actual Cost USD]*(Table1[Campaign]=tab_DB_Temp[[#This Row],[Campaign]])*(Table1[Level 3]="Well Cost")*(Table1[Well]="General")))/tab_DB_Temp[[#This Row],[No of Wells Drilled]]/1000000} -> 0.8960439 | L6: {=SUMPRODUCT(Table1[Actual Cost USD]*(Table1[Level 2]="Support Cost")*(Table1[Campaign]=tab_DB_Temp[[#This Row],[Campaign]]))/tab_DB_Temp[[#This Row],[No of Wells Drilled]]/1000000} -> 0.46408771 | M6: {=SUMPRODUCT(Table1[Actual Cost USD]*(Table1[Level 2]="Surface Facilities Cost")*(Table1[Campaign]=tab_DB_Temp[[#This Row],[Campaign]]))/tab_DB_Temp[[#This Row],[No of Wells Drilled]]/1000000} -> 1.6157892 | N6: =SUM(tab_DB_Temp[[#This Row],[Well Cost USD mn]:[Surface Facilities Cost USD]])*1 -> 7.7797158 | O6: =IFERROR(INDEX(Table2[Actual depth, ft MD], MATCH(tab_DB_Temp[[#This Row],[Well]], Table2[Well Name Actual], 0))*1, 0) -> 0 | P6: =IFERROR(INDEX(Table2[Drilling Duration, days equivalent], MATCH(tab_DB_Temp[[#This Row],[Well]], Table2[Well Name Actual],0))*1, 0) -> 0
B7: Darajat | C7: Darajat | D7: DRJ - 2019 | E7: DRJ - 2019 | F7: DRJ-48 | G7: DRJ-48 | H7: =COUNTIFS(tab_DB_Temp[Campaign], tab_DB_Temp[[#This Row],[Campaign]])*1 -> 5 | I7: {=SUMPRODUCT(Table1[Actual Cost USD]*(Table1[Campaign]=tab_DB_Temp[[#This Row],[Campaign]]))/1000000} -> 42.003384 | J7: {=SUMPRODUCT(Table1[Actual Cost USD]*(Table1[Well]=tab_DB_Temp[[#This Row],[Well]])*(Table1[Level 3]="Well Cost"))/1000000} -> 5.5791018 | K7: {=(SUMPRODUCT(Table1[Actual Cost USD]*(Table1[Campaign]=tab_DB_Temp[[#This Row],[Campaign]])*(Table1[Level 2]="Drilling Cost")*(Table1[Level 3]<>"Well Cost")) + SUMPRODUCT(Table1[Actual Cost USD]*(Table1[Campaign]=tab_DB_Temp[[#This Row],[Campaign]])*(Table1[Level 3]="Well Cost")*(Table1[Well]="General")))/tab_DB_Temp[[#This Row],[No of Wells Drilled]]/1000000} -> 0.8960439 | L7: {=SUMPRODUCT(Table1[Actual Cost USD]*(Table1[Level 2]="Support Cost")*(Table1[Campaign]=tab_DB_Temp[[#This Row],[Campaign]]))/tab_DB_Temp[[#This Row],[No of Wells Drilled]]/1000000} -> 0.46408771 | M7: {=SUMPRODUCT(Table1[Actual Cost USD]*(Table1[Level 2]="Surface Facilities Cost")*(Table1[Campaign]=tab_DB_Temp[[#This Row],[Campaign]]))/tab_DB_Temp[[#This Row],[No of Wells Drilled]]/1000000} -> 1.6157892 | N7: =SUM(tab_DB_Temp[[#This Row],[Well Cost USD mn]:[Surface Facilities Cost USD]])*1 -> 8.5550226 | O7: =IFERROR(INDEX(Table2[Actual depth, ft MD], MATCH(tab_DB_Temp[[#This Row],[Well]], Table2[Well Name Actual], 0))*1, 0) -> 5399.5 | P7: =IFERROR(INDEX(Table2[Drilling Duration, days equivalent], MATCH(tab_DB_Temp[[#This Row],[Well]], Table2[Well Name Actual],0))*1, 0) -> 21.479167
B8: Darajat | C8: Darajat | D8: DRJ - 2022 | E8: DRJ - 2022 | F8: DRJ-38RD | G8: DRJ-38RD | H8: =COUNTIFS(tab_DB_Temp[Campaign], tab_DB_Temp[[#This Row],[Campaign]])*1 -> 5 | I8: {=SUMPRODUCT(Table1[Actual Cost USD]*(Table1[Campaign]=tab_DB_Temp[[#This Row],[Campaign]]))/1000000} -> 30.669525 | J8: {=SUMPRODUCT(Table1[Actual Cost USD]*(Table1[Well]=tab_DB_Temp[[#This Row],[Well]])*(Table1[Level 3]="Well Cost"))/1000000} -> 3.9122157 | K8: {=(SUMPRODUCT(Table1[Actual Cost USD]*(Table1[Campaign]=tab_DB_Temp[[#This Row],[Campaign]])*(Table1[Level 2]="Drilling Cost")*(Table1[Level 3]<>"Well Cost")) + SUMPRODUCT(Table1[Actual Cost USD]*(Table1[Campaign]=tab_DB_Temp[[#This Row],[Campaign]])*(Table1[Level 3]="Well Cost")*(Table1[Well]="General")))/tab_DB_Temp[[#This Row],[No of Wells Drilled]]/1000000} -> 0.91247612 | L8: {=SUMPRODUCT(Table1[Actual Cost USD]*(Table1[Level 2]="Support Cost")*(Table1[Campaign]=tab_DB_Temp[[#This Row],[Campaign]]))/tab_DB_Temp[[#This Row],[No of Wells Drilled]]/1000000} -> 0.38913332 | M8: {=SUMPRODUCT(Table1[Actual Cost USD]*(Table1[Level 2]="Surface Facilities Cost")*(Table1[Campaign]=tab_DB_Temp[[#This Row],[Campaign]]))/tab_DB_Temp[[#This Row],[No of Wells Drilled]]/1000000} -> 0.73877073 | N8: =SUM(tab_DB_Temp[[#This Row],[Well Cost USD mn]:[Surface Facilities Cost USD]])*1 -> 5.9525959 | O8: =IFERROR(INDEX(Table2[Actual depth, ft MD], MATCH(tab_DB_Temp[[#This Row],[Well]], Table2[Well Name Actual], 0))*1, 0) -> 6748 | P8: =IFERROR(INDEX(Table2[Drilling Duration, days equivalent], MATCH(tab_DB_Temp[[#This Row],[Well]], Table2[Well Name Actual],0))*1, 0) -> 30
B9: Darajat | C9: Darajat | D9: DRJ - 2022 | E9: DRJ - 2022 | F9: DRJ-49OH | G9: DRJ-49OH | H9: =COUNTIFS(tab_DB_Temp[Campaign], tab_DB_Temp[[#This Row],[Campaign]])*1 -> 5 | I9: {=SUMPRODUCT(Table1[Actual Cost USD]*(Table1[Campaign]=tab_DB_Temp[[#This Row],[Campaign]]))/1000000} -> 30.669525 | J9: {=SUMPRODUCT(Table1[Actual Cost USD]*(Table1[Well]=tab_DB_Temp[[#This Row],[Well]])*(Table1[Level 3]="Well Cost"))/1000000} -> 4.7828762 | K9: {=(SUMPRODUCT(Table1[Actual Cost USD]*(Table1[Campaign]=tab_DB_Temp[[#This Row],[Campaign]])*(Table1[Level 2]="Drilling Cost")*(Table1[Level 3]<>"Well Cost")) + SUMPRODUCT(Table1[Actual Cost USD]*(Table1[Campaign]=tab_DB_Temp[[#This Row],[Campaign]])*(Table1[Level 3]="Well Cost")*(Table1[Well]="General")))/tab_DB_Temp[[#This Row],[No of Wells Drilled]]/1000000} -> 0.91247612 | L9: {=SUMPRODUCT(Table1[Actual Cost USD]*(Table1[Level 2]="Support Cost")*(Table1[Campaign]=tab_DB_Temp[[#This Row],[Campaign]]))/tab_DB_Temp[[#This Row],[No of Wells Drilled]]/1000000} -> 0.38913332 | M9: {=SUMPRODUCT(Table1[Actual Cost USD]*(Table1[Level 2]="Surface Facilities Cost")*(Table1[Campaign]=tab_DB_Temp[[#This Row],[Campaign]]))/tab_DB_Temp[[#This Row],[No of Wells Drilled]]/1000000} -> 0.73877073 | N9: =SUM(tab_DB_Temp[[#This Row],[Well Cost USD mn]:[Surface Facilities Cost USD]])*1 -> 6.8232564 | O9: =IFERROR(INDEX(Table2[Actual depth, ft MD], MATCH(tab_DB_Temp[[#This Row],[Well]], Table2[Well Name Actual], 0))*1, 0) -> 0 | P9: =IFERROR(INDEX(Table2[Drilling Duration, days equivalent], MATCH(tab_DB_Temp[[#This Row],[Well]], Table2[Well Name Actual],0))*1, 0) -> 0
B10: Darajat | C10: Darajat | D10: DRJ - 2022 | E10: DRJ - 2022 | F10: DRJ-50OH | G10: DRJ-50OH | H10: =COUNTIFS(tab_DB_Temp[Campaign], tab_DB_Temp[[#This Row],[Campaign]])*1 -> 5 | I10: {=SUMPRODUCT(Table1[Actual Cost USD]*(Table1[Campaign]=tab_DB_Temp[[#This Row],[Campaign]]))/1000000} -> 30.669525 | J10: {=SUMPRODUCT(Table1[Actual Cost USD]*(Table1[Well]=tab_DB_Temp[[#This Row],[Well]])*(Table1[Level 3]="Well Cost"))/1000000} -> 4.0668032 | K10: {=(SUMPRODUCT(Table1[Actual Cost USD]*(Table1[Campaign]=tab_DB_Temp[[#This Row],[Campaign]])*(Table1[Level 2]="Drilling Cost")*(Table1[Level 3]<>"Well Cost")) + SUMPRODUCT(Table1[Actual Cost USD]*(Table1[Campaign]=tab_DB_Temp[[#This Row],[Campaign]])*(Table1[Level 3]="Well Cost")*(Table1[Well]="General")))/tab_DB_Temp[[#This Row],[No of Wells Drilled]]/1000000} -> 0.91247612 | L10: {=SUMPRODUCT(Table1[Actual Cost USD]*(Table1[Level 2]="Support Cost")*(Table1[Campaign]=tab_DB_Temp[[#This Row],[Campaign]]))/tab_DB_Temp[[#This Row],[No of Wells Drilled]]/1000000} -> 0.38913332 | M10: {=SUMPRODUCT(Table1[Actual Cost USD]*(Table1[Level 2]="Surface Facilities Cost")*(Table1[Campaign]=tab_DB_Temp[[#This Row],[Campaign]]))/tab_DB_Temp[[#This Row],[No of Wells Drilled]]/1000000} -> 0.73877073 | N10: =SUM(tab_DB_Temp[[#This Row],[Well Cost USD mn]:[Surface Facilities Cost USD]])*1 -> 6.1071834 | O10: =IFERROR(INDEX(Table2[Actual depth, ft MD], MATCH(tab_DB_Temp[[#This Row],[Well]], Table2[Well Name Actual], 0))*1, 0) -> 0 | P10: =IFERROR(INDEX(Table2[Drilling Duration, days equivalent], MATCH(tab_DB_Temp[[#This Row],[Well]], Table2[Well Name Actual],0))*1, 0) -> 0
B11: Darajat | C11: Darajat | D11: DRJ - 2022 | E11: DRJ - 2022 | F11: DRJ-51OH | G11: DRJ-51OH | H11: =COUNTIFS(tab_DB_Temp[Campaign], tab_DB_Temp[[#This Row],[Campaign]])*1 -> 5 | I11: {=SUMPRODUCT(Table1[Actual Cost USD]*(Table1[Campaign]=tab_DB_Temp[[#This Row],[Campaign]]))/1000000} -> 30.669525 | J11: {=SUMPRODUCT(Table1[Actual Cost USD]*(Table1[Well]=tab_DB_Temp[[#This Row],[Well]])*(Table1[Level 3]="Well Cost"))/1000000} -> 4.1984832 | K11: {=(SUMPRODUCT(Table1[Actual Cost USD]*(Table1[Campaign]=tab_DB_Temp[[#This Row],[Campaign]])*(Table1[Level 2]="Drilling Cost")*(Table1[Level 3]<>"Well Cost")) + SUMPRODUCT(Table1[Actual Cost USD]*(Table1[Campaign]=tab_DB_Temp[[#This Row],[Campaign]])*(Table1[Level 3]="Well Cost")*(Table1[Well]="General")))/tab_DB_Temp[[#This Row],[No of Wells Drilled]]/1000000} -> 0.91247612 | L11: {=SUMPRODUCT(Table1[Actual Cost USD]*(Table1[Level 2]="Support Cost")*(Table1[Campaign]=tab_DB_Temp[[#This Row],[Campaign]]))/tab_DB_Temp[[#This Row],[No of Wells Drilled]]/1000000} -> 0.38913332 | M11: {=SUMPRODUCT(Table1[Actual Cost USD]*(Table1[Level 2]="Surface Facilities Cost")*(Table1[Campaign]=tab_DB_Temp[[#This Row],[Campaign]]))/tab_DB_Temp[[#This Row],[No of Wells Drilled]]/1000000} -> 0.73877073 | N11: =SUM(tab_DB_Temp[[#This Row],[Well Cost USD mn]:[Surface Facilities Cost USD]])*1 -> 6.2388634 | O11: =IFERROR(INDEX(Table2[Actual depth, ft MD], MATCH(tab_DB_Temp[[#This Row],[Well]], Table2[Well Name Actual], 0))*1, 0) -> 0 | P11: =IFERROR(INDEX(Table2[Drilling Duration, days equivalent], MATCH(tab_DB_Temp[[#This Row],[Well]], Table2[Well Name Actual],0))*1, 0) -> 0
B12: Darajat | C12: Darajat | D12: DRJ - 2022 | E12: DRJ - 2022 | F12: DRJ-52OH | G12: DRJ-52OH | H12: =COUNTIFS(tab_DB_Temp[Campaign], tab_DB_Temp[[#This Row],[Campaign]])*1 -> 5 | I12: {=SUMPRODUCT(Table1[Actual Cost USD]*(Table1[Campaign]=tab_DB_Temp[[#This Row],[Campaign]]))/1000000} -> 30.669525 | J12: {=SUMPRODUCT(Table1[Actual Cost USD]*(Table1[Well]=tab_DB_Temp[[#This Row],[Well]])*(Table1[Level 3]="Well Cost"))/1000000} -> 3.5072457 | K12: {=(SUMPRODUCT(Table1[Actual Cost USD]*(Table1[Campaign]=tab_DB_Temp[[#This Row],[Campaign]])*(Table1[Level 2]="Drilling Cost")*(Table1[Level 3]<>"Well Cost")) + SUMPRODUCT(Table1[Actual Cost USD]*(Table1[Campaign]=tab_DB_Temp[[#This Row],[Campaign]])*(Table1[Level 3]="Well Cost")*(Table1[Well]="General")))/tab_DB_Temp[[#This Row],[No of Wells Drilled]]/1000000} -> 0.91247612 | L12: {=SUMPRODUCT(Table1[Actual Cost USD]*(Table1[Level 2]="Support Cost")*(Table1[Campaign]=tab_DB_Temp[[#This Row],[Campaign]]))/tab_DB_Temp[[#This Row],[No of Wells Drilled]]/1000000} -> 0.38913332 | M12: {=SUMPRODUCT(Table1[Actual Cost USD]*(Table1[Level 2]="Surface Facilities Cost")*(Table1[Campaign]=tab_DB_Temp[[#This Row],[Campaign]]))/tab_DB_Temp[[#This Row],[No of Wells Drilled]]/1000000} -> 0.73877073 | N12: =SUM(tab_DB_Temp[[#This Row],[Well Cost USD mn]:[Surface Facilities Cost USD]])*1 -> 5.5476258 | O12: =IFERROR(INDEX(Table2[Actual depth, ft MD], MATCH(tab_DB_Temp[[#This Row],[Well]], Table2[Well Name Actual], 0))*1, 0) -> 0 | P12: =IFERROR(INDEX(Table2[Drilling Duration, days equivalent], MATCH(tab_DB_Temp[[#This Row],[Well]], Table2[Well Name Actual],0))*1, 0) -> 0
B13: Darajat | C13: Darajat | D13: DRJ - 2024 | E13: DRJ - 2024 | F13: DRJ-53 | G13: DRJ-53 | H13: =COUNTIFS(tab_DB_Temp[Campaign], tab_DB_Temp[[#This Row],[Campaign]])*1 -> 5 | I13: {=SUMPRODUCT(Table1[Actual Cost USD]*(Table1[Campaign]=tab_DB_Temp[[#This Row],[Campaign]]))/1000000} -> 37.36711 | J13: {=SUMPRODUCT(Table1[Actual Cost USD]*(Table1[Well]=tab_DB_Temp[[#This Row],[Well]])*(Table1[Level 3]="Well Cost"))/1000000} -> 3.6095736 | K13: {=(SUMPRODUCT(Table1[Actual Cost USD]*(Table1[Campaign]=tab_DB_Temp[[#This Row],[Campaign]])*(Table1[Level 2]="Drilling Cost")*(Table1[Level 3]<>"Well Cost")) + SUMPRODUCT(Table1[Actual Cost USD]*(Table1[Campaign]=tab_DB_Temp[[#This Row],[Campaign]])*(Table1[Level 3]="Well Cost")*(Table1[Well]="General")))/tab_DB_Temp[[#This Row],[No of Wells Drilled]]/1000000} -> 1.0340317 | L13: {=SUMPRODUCT(Table1[Actual Cost USD]*(Table1[Level 2]="Support Cost")*(Table1[Campaign]=tab_DB_Temp[[#This Row],[Campaign]]))/tab_DB_Temp[[#This Row],[No of Wells Drilled]]/1000000} -> 0.38862086 | M13: {=SUMPRODUCT(Table1[Actual Cost USD]*(Table1[Level 2]="Surface Facilities Cost")*(Table1[Campaign]=tab_DB_Temp[[#This Row],[Campaign]]))/tab_DB_Temp[[#This Row],[No of Wells Drilled]]/1000000} -> 1.1211599 | N13: =SUM(tab_DB_Temp[[#This Row],[Well Cost USD mn]:[Surface Facilities Cost USD]])*1 -> 6.153386 | O13: =IFERROR(INDEX(Table2[Actual depth, ft MD], MATCH(tab_DB_Temp[[#This Row],[Well]], Table2[Well Name Actual], 0))*1, 0) -> 6500 | P13: =IFERROR(INDEX(Table2[Drilling Duration, days equivalent], MATCH(tab_DB_Temp[[#This Row],[Well]], Table2[Well Name Actual],0))*1, 0) -> 22.770833
B14: Darajat | C14: Darajat | D14: DRJ - 2024 | E14: DRJ - 2024 | F14: DRJ-54 | G14: DRJ-54 | H14: =COUNTIFS(tab_DB_Temp[Campaign], tab_DB_Temp[[#This Row],[Campaign]])*1 -> 5 | I14: {=SUMPRODUCT(Table1[Actual Cost USD]*(Table1[Campaign]=tab_DB_Temp[[#This Row],[Campaign]]))/1000000} -> 37.36711 | J14: {=SUMPRODUCT(Table1[Actual Cost USD]*(Table1[Well]=tab_DB_Temp[[#This Row],[Well]])*(Table1[Level 3]="Well Cost"))/1000000} -> 5.1895546 | K14: {=(SUMPRODUCT(Table1[Actual Cost USD]*(Table1[Campaign]=tab_DB_Temp[[#This Row],[Campaign]])*(Table1[Level 2]="Drilling Cost")*(Table1[Level 3]<>"Well Cost")) + SUMPRODUCT(Table1[Actual Cost USD]*(Table1[Campaign]=tab_DB_Temp[[#This Row],[Campaign]])*(Table1[Level 3]="Well Cost")*(Table1[Well]="General")))/tab_DB_Temp[[#This Row],[No of Wells Drilled]]/1000000} -> 1.0340317 | L14: {=SUMPRODUCT(Table1[Actual Cost USD]*(Table1[Level 2]="Support Cost")*(Table1[Campaign]=tab_DB_Temp[[#This Row],[Campaign]]))/tab_DB_Temp[[#This Row],[No of Wells Drilled]]/1000000} -> 0.38862086 | M14: {=SUMPRODUCT(Table1[Actual Cost USD]*(Table1[Level 2]="Surface Facilities Cost")*(Table1[Campaign]=tab_DB_Temp[[#This Row],[Campaign]]))/tab_DB_Temp[[#This Row],[No of Wells Drilled]]/1000000} -> 1.1211599 | N14: =SUM(tab_DB_Temp[[#This Row],[Well Cost USD mn]:[Surface Facilities Cost USD]])*1 -> 7.733367 | O14: =IFERROR(INDEX(Table2[Actual depth, ft MD], MATCH(tab_DB_Temp[[#This Row],[Well]], Table2[Well Name Actual], 0))*1, 0) -> 6014 | P14: =IFERROR(INDEX(Table2[Drilling Duration, days equivalent], MATCH(tab_DB_Temp[[#This Row],[Well]], Table2[Well Name Actual],0))*1, 0) -> 29.6875
... B41: Wayang Windu | C41: Wayang Windu | D41: WW - 2021 | E41: WW - 2021 | F41: WWA-9 | G41: WWA-9 | H41: =COUNTIFS(tab_DB_Temp[Campaign], tab_DB_Temp[[#This Row],[Campaign]])*1 -> 6 | I41: {=SUMPRODUCT(Table1[Actual Cost USD]*(Table1[Campaign]=tab_DB_Temp[[#This Row],[Campaign]]))/1000000} -> 27.074998 | J41: {=SUMPRODUCT(Table1[Actual Cost USD]*(Table1[Well]=tab_DB_Temp[[#This Row],[Well]])*(Table1[Level 3]="Well Cost"))/1000000} -> 2.9031327 | K41: {=(SUMPRODUCT(Table1[Actual Cost USD]*(Table1[Campaign]=tab_DB_Temp[[#This Row],[Campaign]])*(Table1[Level 2]="Drilling Cost")*(Table1[Level 3]<>"Well Cost")) + SUMPRODUCT(Table1[Actual Cost USD]*(Table1[Campaign]=tab_DB_Temp[[#This Row],[Campaign]])*(Table1[Level 3]="Well Cost")*(Table1[Well]="General")))/tab_DB_Temp[[#This Row],[No of Wells Drilled]]/1000000} -> 0.77751374 | L41: {=SUMPRODUCT(Table1[Actual Cost USD]*(Table1[Level 2]="Support Cost")*(Table1[Campaign]=tab_DB_Temp[[#This Row],[Campaign]]))/tab_DB_Temp[[#This Row],[No of Wells Drilled]]/1000000} -> 0.13804 | M41: {=SUMPRODUCT(Table1[Actual Cost USD]*(Table1[Level 2]="Surface Facilities Cost")*(Table1[Campaign]=tab_DB_Temp[[#This Row],[Campaign]]))/tab_DB_Temp[[#This Row],[No of Wells Drilled]]/1000000} -> 0.43605517 | N41: =SUM(tab_DB_Temp[[#This Row],[Well Cost USD mn]:[Surface Facilities Cost USD]])*1 -> 4.2547416 | O41: =IFERROR(INDEX(Table2[Actual depth, ft MD], MATCH(tab_DB_Temp[[#This Row],[Well]], Table2[Well Name Actual], 0))*1, 0) -> 7158 | P41: =IFERROR(INDEX(Table2[Drilling Duration, days equivalent], MATCH(tab_DB_Temp[[#This Row],[Well]], Table2[Well Name Actual],0))*1, 0) -> 14.854167

Sheet Pivots>>

Sheet Pivot.Master
A1: Place Holder | H1: Campaign Well Cost | O1: # of wells drilled | V1: $mn/well | AD1: $/ft | AL1: $k/day | AS1: Cumulative Depth | BA1: Cumulative Days | BL1: Complete $/ft and $k/day | BU1: Complete $/ft and $k/day as Campaign | CC1: Campaign Well Cost | CM1: Well Name (WellView Version)
BZ2: Normalized to DRJ - 2019 | CM2: AWI 10-4
A3: Asset_Label | B3: Camp_Label | C3: Well | D3: $/ft | E3: $000/day | F3: $mn/well | H3: Sum of Campaign Cost per Well USD | K3: Asset | O3: Average of No of Wells Drilled | R3: Asset | V3: $mn/well | Y3: Asset | AD3: $/ft | AG3: Asset | AL3: $000/day | AO3: Asset | AS3: Cumulative Depth ft | AV3: Asset | BA3: Cumulative days | BD3: Asset | BL3: Asset_Label | BM3: Campaign | BN3: Well | BO3: $/ft | BP3: $000/day | BU3: Asset_Label | BV3: Campaign | BW3: Well | BX3: $/ft | BY3: $000/day | BZ3: $/ft Norm | CA3: $000/day Norm | CC3: Asset_Label | CD3: Campaign | CE3: Well | CF3: Avg. Well Cost per Well $mn/well | CG3: Avg. Drill Shared Cost per Well $mn/well | CH3: Avg. Support Cost per well $mn/well | CI3: Avg. Surface Facility per well $mn/well | CJ3: Total | CM3: AWI 16-8
A4: Darajat | B4: DRJ - 2019 | C4: DRJ-44OH | F4: 1.4383081 | H4: Asset_Label | I4: Campaign | J4: Well | K4: Darajat | L4: Salak | M4: Wayang Windu | O4: Asset_Label | P4: Campaign | Q4: Well | R4: Darajat | S4: Salak | T4: Wayang Windu | V4: Asset_Label | W4: Campaign | X4: Well | Y4: Darajat | Z4: Salak | AA4: Wayang Windu | AD4: Asset_Label | AE4: Campaign | AF4: Well | AG4: Darajat | AH4: Salak | AI4: Wayang Windu | AL4: Asset_Label | AM4: Campaign | AN4: Well | AO4: Darajat | AP4: Salak | AQ4: Wayang Windu | AS4: Asset_Label | AT4: Campaign | AU4: Well | AV4: Darajat | AW4: Salak | AX4: Wayang Windu | BA4: Asset_Label | BB4: Campaign | BC4: Well | BD4: Darajat | BE4: Salak | BF4: Wayang Windu | BL4: Darajat | BM4: DRJ - 2019 | BN4: DRJ-48 | BO4: 1650.5928 | BP4: 398.29397 | BU4: Darajat | BV4: DRJ - 2019 | BX4: 8104.0679 | BY4: 1955.5407 | BZ4: =-BX4/$CA$13 -> -9.9182586 | CA4: =BY4/$CA$14 -> 1.9128506 | CC4: Darajat | CD4: DRJ - 2019 | CF4: 5.4247561 | CG4: 0.8960439 | CH4: 0.46408771 | CI4: 1.6157892 | CJ4: =SUM(CF4:CI4) -> 8.4006768 | CM4: AWI 16-9
A5: Darajat | B5: DRJ - 2019 | C5: DRJ-45OH | F5: 1.9064066 | H5: Darajat | I5: DRJ - 2019 | K5: 42.003384 | O5: Darajat | P5: DRJ - 2019 | R5: 5 | V5: Darajat | W5: DRJ - 2019 | Y5: 8.4006768 | AD5: Darajat | AE5: DRJ - 2019 | AG5: 8104.0679 | AL5: Darajat | AM5: DRJ - 2019 | AO5: 1955.5407 | AS5: Darajat | AT5: DRJ - 2019 | AV5: 5183 | BA5: Darajat | BB5: DRJ - 2019 | BD5: 21.479167 | BL5: Darajat | BM5: DRJ - 2022 | BN5: DRJ-38RD | BO5: 882.12743 | BP5: 198.41986 | BU5: Darajat | BV5: DRJ - 2022 | BX5: 4544.98 | BY5: 1022.3175 | BZ5: =-BX5/$CA$13 -> -5.5624271 | CA5: =BY5/$CA$14 -> 1 | CC5: Darajat | CD5: DRJ - 2022 | CF5: 4.0935248 | CG5: 0.91247612 | CH5: 0.38913332 | CI5: 0.73877073 | CJ5: =SUM(CF5:CI5) -> 6.133905 | CM5: AWI 21-5
A6: Darajat | B6: DRJ - 2019 | C6: DRJ-46OH | F6: 1.7890145 | H6: Darajat | I6: DRJ - 2022 | K6: 30.669525 | O6: Darajat | P6: DRJ - 2022 | R6: 5 | V6: Darajat | W6: DRJ - 2022 | Y6: 6.133905 | AD6: Darajat | AE6: DRJ - 2022 | AG6: 4544.98 | AL6: Darajat | AM6: DRJ - 2022 | AO6: 1022.3175 | AS6: Darajat | AT6: DRJ - 2022 | AV6: 6748 | BA6: Darajat | BB6: DRJ - 2022 | BD6: 30 | BL6: Darajat | BM6: DRJ - 2024 | BN6: DRJ-53 | BO6: 946.67477 | BP6: 270.23104 | BU6: Darajat | BV6: DRJ - 2024 | BX6: 1204.8465 | BY6: 267.18625 | BZ6: =-BX6/$CA$13 -> -1.4745655 | CA6: =BY6/$CA$14 -> 0.26135349 | CC6: Darajat | CD6: DRJ - 2024 | CF6: 4.9296095 | CG6: 1.0340317 | CH6: 0.38862086 | CI6: 1.1211599 | CJ6: =SUM(CF6:CI6) -> 7.4734219 | CM6: AWI 21-6
A7: Darajat | B7: DRJ - 2019 | C7: DRJ-47OH | F7: 1.5559432 | H7: Darajat | I7: DRJ - 2024 | K7: 37.36711 | O7: Darajat | P7: DRJ - 2024 | R7: 5 | V7: Darajat | W7: DRJ - 2024 | Y7: 7.4734219 | AD7: Darajat | AE7: DRJ - 2024 | AG7: 1204.8465 | AL7: Darajat | AM7: DRJ - 2024 | AO7: 267.18625 | AS7: Darajat | AT7: DRJ - 2024 | AV7: 31014 | BA7: Darajat | BB7: DRJ - 2024 | BD7: 139.85417 | BL7: Darajat | BM7: DRJ - 2024 | BN7: DRJ-54 | BO7: 1285.8941 | BP7: 260.49236 | BU7: Salak | BV7: SLK - 2021 | BX7: 3145.1113 | BY7: 1275.0567 | BZ7: =-BX7/$CA$13 -> -3.8491814 | CA7: =BY7/$CA$14 -> 1.2472218 | CC7: Salak | CD7: SLK - 2021 | CF7: 3.4772728 | CG7: 1.1168216 | CH7: 0.27674021 | CI7: 0.73941495 | CJ7: =SUM(CF7:CI7) -> 5.6102495 | CM7: AWI 21-7
A8: Darajat | B8: DRJ - 2019 | C8: DRJ-48 | D8: 1650.5928 | E8: 398.29397 | F8: 1.7110045 | H8: Salak | I8: SLK - 2021 | L8: 28.051248 | O8: Salak | P8: SLK - 2021 | S8: 5 | V8: Salak | W8: SLK - 2021 | Z8: 5.6102495 | AD8: Salak | AE8: SLK - 2021 | AH8: 3145.1113 | AL8: Salak | AM8: SLK - 2021 | AP8: 1275.0567 | AS8: Salak | AT8: SLK - 2021 | AW8: 8919 | BA8: Salak | BB8: SLK - 2021 | BE8: 22 | BL8: Darajat | BM8: DRJ - 2024 | BN8: DRJ-55 | BO8: 1150.6259 | BP8: 378.7203 | BU8: Salak | BV8: SLK - 2025 | BX8: 817.08577 | BY8: 308.20429 | BZ8: =-BX8/$CA$13 -> -1 | CA8: =BY8/$CA$14 -> 0.3014761 | CC8: Salak | CD8: SLK - 2025 | CF8: 2.9392517 | CG8: 0.60167902 | CH8: 0.22584717 | CI8: 0.5134805 | CJ8: =SUM(CF8:CI8) -> 4.2802584 | CM8: AWI 21-8
A9: Darajat | B9: DRJ - 2022 | C9: DRJ-38RD | D9: 882.12743 | E9: 198.41986 | F9: 1.1905192 | H9: Salak | I9: SLK - 2025 | L9: 38.522326 | O9: Salak | P9: SLK - 2025 | S9: 9 | V9: Salak | W9: SLK - 2025 | Z9: 4.2802584 | AD9: Salak | AE9: SLK - 2025 | AH9: 817.08577 | AL9: Salak | AM9: SLK - 2025 | AP9: 308.20429 | AS9: Salak | AT9: SLK - 2025 | AW9: 47146 | BA9: Salak | BB9: SLK - 2025 | BE9: 124.98958 | BL9: Darajat | BM9: DRJ - 2024 | BN9: DRJ-56 | BO9: 1456.8909 | BP9: 188.21944 | BU9: Wayang Windu | BV9: WW - 2018 | BX9: 1573.8613 | BY9: 190.69277 | BZ9: =-BX9/$CA$13 -> -1.9261886 | CA9: =BY9/$CA$14 -> 0.18652989 | CC9: Wayang Windu | CD9: WW - 2018 | CF9: 6.1998015 | CG9: 0.26513801 | CH9: 0.065259265 | CI9: 0.21655118 | CJ9: =SUM(CF9:CI9) -> 6.74675 | CM9: AWI 23-1
A10: Darajat | B10: DRJ - 2022 | C10: DRJ-49OH | F10: 1.3646513 | H10: Wayang Windu | I10: WW - 2018 | M10: 26.987 | O10: Wayang Windu | P10: WW - 2018 | T10: 4 | V10: Wayang Windu | W10: WW - 2018 | AA10: 6.74675 | AD10: Wayang Windu | AE10: WW - 2018 | AI10: 1573.8613 | AL10: Wayang Windu | AM10: WW - 2018 | AQ10: 190.69277 | AS10: Wayang Windu | AX10: 43546 | BA10: Wayang Windu | BB10: WW - 2018 | BF10: 141.52083 | BL10: Darajat | BM10: DRJ - 2024 | BN10: DRJ-57 | BO10: 1184.4684 | BP10: 376.9358 | BU10: Wayang Windu | BV10: WW - 2021 | BX10: 1025.607 | BY10: 245.39273 | BZ10: =-BX10/$CA$13 -> -1.2552011 | CA10: =BY10/$CA$14 -> 0.24003574 | CC10: Wayang Windu | CD10: WW - 2021 | CF10: 3.1608908 | CG10: 0.77751374 | CH10: 0.13804 | CI10: 0.43605517 | CJ10: =SUM(CF10:CI10) -> 4.5124997 | CM10: AWI 23-2
A11: Darajat | B11: DRJ - 2022 | C11: DRJ-50OH | F11: 1.2214367 | H11: Wayang Windu | I11: WW - 2021 | M11: 27.074998 | O11: Wayang Windu | P11: WW - 2021 | T11: 6 | V11: Wayang Windu | W11: WW - 2021 | AA11: 4.5124997 | AD11: Wayang Windu | AE11: WW - 2021 | AI11: 1025.607 | AL11: Wayang Windu | AM11: WW - 2021 | AQ11: 245.39273 | BA11: Wayang Windu | BB11: WW - 2021 | BF11: 110.33333 | BL11: Salak | BM11: SLK - 2021 | BN11: AWI 9-10 | BO11: 643.44095 | BP11: 260.85681 | CM11: AWI 2-6
A12: Darajat | B12: DRJ - 2022 | C12: DRJ-51OH | F12: 1.2477727 | BL12: Salak | BM12: SLK - 2025 | BN12: AWI 21-7 | BO12: 894.23151 | BP12: 275.62303 | BU12: For Label $ft/norm | BZ12: Denominator | CM12: AWI 2-7 ML
A13: Darajat | B13: DRJ - 2022 | C13: DRJ-52OH | F13: 1.1095252 | BL13: Salak | BM13: SLK - 2025 | BN13: AWI 21-8 | BO13: 1116.7281 | BP13: 325.38916 | BU13: =-BZ4 -> 9.9182586 | BZ13: $/ft | CA13: =BX8 -> 817.08577 | CM13: AWI 3-9
A14: Darajat | B14: DRJ - 2024 | C14: DRJ-53 | D14: 946.67477 | E14: 270.23104 | F14: 1.2306772 | BL14: Salak | BM14: SLK - 2025 | BN14: AWI 23-1 | BO14: 691.21634 | BP14: 454.15279 | BU14: =-BZ5 -> 5.5624271 | BZ14: $/day | CA14: =BY5 -> 1022.3175 | CM14: AWI 8-3
A15: Darajat | B15: DRJ - 2024 | C15: DRJ-54 | D15: 1285.8941 | E15: 260.49236 | F15: 1.5466734 | BL15: Salak | BM15: SLK - 2025 | BN15: AWI 23-2 | BO15: 703.94379 | BP15: 283.33737 | BU15: =-BZ6 -> 1.4745655 | CM15: AWI 9-10
A16: Darajat | B16: DRJ - 2024 | C16: DRJ-55 | D16: 1150.6259 | E16: 378.7203 | F16: 1.3807511 | BL16: Salak | BM16: SLK - 2025 | BN16: AWI 2-6 | BO16: 669.30262 | BP16: 332.41862 | BU16: =-BZ7 -> 3.8491814 | CM16: AWI 9-11
A17: Darajat | B17: DRJ - 2024 | C17: DRJ-56 | D17: 1456.8909 | E17: 188.21944 | F17: 1.8939581 | BL17: Salak | BM17: SLK - 2025 | BN17: AWI 2-7 ML | BO17: 1102.7339 | BP17: 233.14339 | BU17: =-BZ8 -> 1 | CM17: DRJ-16
A18: Darajat | B18: DRJ - 2024 | C18: DRJ-57 | D18: 1184.4684 | E18: 376.9358 | F18: 1.4213621 | BL18: Salak | BM18: SLK - 2025 | BN18: AWI 3-9 | BO18: 911.06561 | BP18: 398.21411 | BU18: =-BZ9 -> 1.9261886 | CM18: DRJ-37
A19: Salak | B19: SLK - 2021 | C19: AWI 16-08 | F19: 1.5186001 | BL19: Salak | BM19: SLK - 2025 | BN19: AWI 9-11 | BO19: 322.73511 | BP19: 128.14482 | BU19: =-BZ10 -> 1.2552011 | CM19: DRJ-38
A20: Salak | B20: SLK - 2021 | C20: AWI 16-09 | F20: 1.0383765 | BL20: Wayang Windu | BM20: WW - 2018 | BN20: MBA-6 | BO20: 880.33478 | BP20: 185.17721 | CM20: DRJ-38RD
A21: Salak | B21: SLK - 2021 | C21: Awi 21-05 | F21: 1.0489579 | BL21: Wayang Windu | BM21: WW - 2018 | BN21: MBA-7 | BO21: 1001.0138 | BP21: 199.63315 | CM21: DRJ-44
A22: Salak | B22: SLK - 2021 | C22: Awi 21-06 | F22: 0.8565451 | BL22: Wayang Windu | BM22: WW - 2018 | BN22: MBD-7 | BO22: 3135.6012 | BP22: 186.82185 | CM22: DRJ-45
A23: Salak | B23: SLK - 2021 | C23: AWI 9-10 | D23: 643.44095 | E23: 260.85681 | F23: 1.14777 | BL23: Wayang Windu | BM23: WW - 2018 | BN23: MBD-8 | BO23: 2349.6736 | BP23: 192.23019 | CM23: DRJ-46
A24: Salak | B24: SLK - 2025 | C24: AWI 21-7 | D24: 894.23151 | E24: 275.62303 | F24: 0.50275683 | BL24: Wayang Windu | BM24: WW - 2021 | BN24: MBE-6 | BO24: 864.76638 | BP24: 255.52604 | CM24: DRJ-47
A25: Salak | B25: SLK - 2025 | C25: AWI 21-8 | D25: 1116.7281 | E25: 325.38916 | F25: 0.50314806 | BL25: Wayang Windu | BM25: WW - 2021 | BN25: MBE-7 | BO25: 684.19484 | BP25: 200.53946 | CM25: DRJ-48
A26: Salak | B26: SLK - 2025 | C26: AWI 23-1 | D26: 691.21634 | E26: 454.15279 | F26: 0.69121634 | BL26: Wayang Windu | BM26: WW - 2021 | BN26: MBI-1 | BO26: 755.9035 | BP26: 299.47627 | CM26: DRJ-49
A27: Salak | B27: SLK - 2025 | C27: AWI 23-2 | D27: 703.94379 | E27: 283.33737 | F27: 0.62963861 | BL27: Wayang Windu | BM27: WW - 2021 | BN27: WWA-8 | BO27: 1264.9769 | BP27: 147.19647 | CM27: DRJ-50
A28: Salak | B28: SLK - 2025 | C28: AWI 2-6 | D28: 669.30262 | E28: 332.41862 | F28: 0.40782839 | BL28: Wayang Windu | BM28: WW - 2021 | BN28: WWA-9 | BO28: 811.0449 | BP28: 286.43421 | CM28: DRJ-51
A29: Salak | B29: SLK - 2025 | C29: AWI 2-7 ML | D29: 1102.7339 | E29: 233.14339 | F29: 0.67352536 | CM29: DRJ-52
A30: Salak | B30: SLK - 2025 | C30: AWI 3-9 | D30: 911.06561 | E30: 398.21411 | F30: 0.55676232 | CM30: DRJ-53
A31: Salak | B31: SLK - 2025 | C31: AWI 9-10 RD | F31: 0.15401494 | CM31: DRJ-54
A32: Salak | B32: SLK - 2025 | C32: AWI 9-11 | D32: 322.73511 | E32: 128.14482 | F32: 0.16136756 | CM32: DRJ-55
A33: Wayang Windu | B33: WW - 2018 | C33: MBA-6 | D33: 880.33478 | E33: 185.17721 | F33: 1.2615197 | CM33: DRJ-56
A34: Wayang Windu | B34: WW - 2018 | C34: MBA-7 | D34: 1001.0138 | E34: 199.63315 | F34: 1.2425084 | CM34: DRJ-57
A35: Wayang Windu | B35: WW - 2018 | C35: MBD-7 | D35: 3135.6012 | E35: 186.82185 | F35: 1.8108097 | CM35: HMD-A01
A36: Wayang Windu | B36: WW - 2018 | C36: MBD-8 | D36: 2349.6736 | E36: 192.23019 | F36: 2.4319121 | CM36: HMD-A02
A37: Wayang Windu | B37: WW - 2021 | C37: MBD-8WO | F37: 0.69468586 | CM37: MBA-6
A38: Wayang Windu | B38: WW - 2021 | C38: MBE-6 | D38: 864.76638 | E38: 255.52604 | F38: 0.64857478 | CM38: MBA-7
A39: Wayang Windu | B39: WW - 2021 | C39: MBE-7 | D39: 684.19484 | E39: 200.53946 | F39: 0.80563943 | CM39: MBD-7
A40: Wayang Windu | B40: WW - 2021 | C40: MBI-1 | D40: 755.9035 | E40: 299.47627 | F40: 0.54488044 | CM40: MBD-8
A41: Wayang Windu | B41: WW - 2021 | C41: WWA-8 | D41: 1264.9769 | E41: 147.19647 | F41: 1.1095956 | CM41: MBE-6
A42: Wayang Windu | B42: WW - 2021 | C42: WWA-9 | D42: 811.0449 | E42: 286.43421 | F42: 0.70912359 | CM42: MBE-7
A43: Grand Total | D43: 1618.1402 | E43: 390.85826 | F43: 38.610936 | CM43: MBI-1
CM44: WWA-8
CM45: WWA-9

Sheet Source.Data>>

Sheet Piv.Struct.Cost
A3: Sum of Actual Cost USD | D3: Level 2 | K3: Campaign | L3: Well | M3: Level 2 | N3: Level 3 | O3: Level 4 | P3: Level 5 | Q3: Sum of Actual Cost USD
A4: Asset | B4: Campaign | C4: Well | D4: Contingency | E4: Drilling Cost | F4: Support Cost | G4: Surface Facilities Cost | K4: WW - 2018 | L4: General | M4: Drilling Cost | N4: Well Cost | O4: Drilling Operation Water Support | P4: Drilling Operation Water Support | Q4: 4904.05
A5: Darajat | B5: DRJ - 2019 | C5: DRJ-44OH | E5: 4215619.7 | K5: WW - 2018 | L5: General | M5: Drilling Cost | N5: Well Cost | O5: Material - LL | P5: Casing | Q5: 0
A6: Darajat | B6: DRJ - 2019 | C6: DRJ-45OH | E6: 6556112 | K6: WW - 2018 | L6: General | M6: Drilling Cost | N6: Well Cost | O6: Material - LL | P6: Fuel & Lubricants | Q6: 0
A7: Darajat | B7: DRJ - 2019 | C7: DRJ-46OH | E7: 5969151.8 | K7: WW - 2018 | L7: General | M7: Drilling Cost | N7: Well Cost | O7: Material - LL | P7: Well Equipment Surface | Q7: 0
A8: Darajat | B8: DRJ - 2019 | C8: DRJ-47OH | E8: 4803795 | K8: WW - 2018 | L8: General | M8: Drilling Cost | N8: Well Cost | O8: Services | P8: API non API Machine Shop Service | Q8: -228196.52
A9: Darajat | B9: DRJ - 2019 | C9: DRJ-48 | E9: 5579101.8 | K9: WW - 2018 | L9: General | M9: Drilling Cost | N9: Well Cost | O9: Services | P9: Bits, Reamer and Core heads | Q9: 0
A10: Darajat | B10: DRJ - 2019 | C10: General | E10: 4480219.5 | F10: 2320438.6 | G10: 8078945.8 | K10: WW - 2018 | L10: General | M10: Drilling Cost | N10: Well Cost | O10: Services | P10: Casing Installation | Q10: 0
A11: Darajat | B11: DRJ - 2022 | C11: DRJ-38RD | E11: 3912215.7 | K11: WW - 2018 | L11: General | M11: Drilling Cost | N11: Well Cost | O11: Services | P11: Cement, Cementing & Pump Fees | Q11: 0
A12: Darajat | B12: DRJ - 2022 | C12: DRJ-49OH | E12: 4782876.2 | K12: WW - 2018 | L12: General | M12: Drilling Cost | N12: Well Cost | O12: Services | P12: Contract Rig | Q12: -557.92
A13: Darajat | B13: DRJ - 2022 | C13: DRJ-50OH | E13: 4066803.2 | K13: WW - 2018 | L13: General | M13: Drilling Cost | N13: Well Cost | O13: Services | P13: Directional Drilling & Surveys | Q13: 0
A14: Darajat | B14: DRJ - 2022 | C14: DRJ-51OH | E14: 4198483.2 | K14: WW - 2018 | L14: General | M14: Drilling Cost | N14: Well Cost | O14: Services | P14: Drilling Safety, Health & Environment | Q14: -116.55
A15: Darajat | B15: DRJ - 2022 | C15: DRJ-52OH | E15: 3507245.7 | K15: WW - 2018 | L15: General | M15: Drilling Cost | N15: Well Cost | O15: Services | P15: Equipment Rental | Q15: 0
A16: Darajat | B16: DRJ - 2022 | C16: General | E16: 4562380.6 | F16: 1945666.6 | G16: 3693853.6 | K16: WW - 2018 | L16: General | M16: Drilling Cost | N16: Well Cost | O16: Services | P16: Land Transportation | Q16: -5927.89
A17: Darajat | B17: DRJ - 2024 | C17: DRJ-53 | E17: 3609573.6 | K17: WW - 2018 | L17: General | M17: Drilling Cost | N17: Well Cost | O17: Services | P17: Mud Logging Service | Q17: -15683.35
A18: Darajat | B18: DRJ - 2024 | C18: DRJ-54 | E18: 5189554.6 | K18: WW - 2018 | L18: General | M18: Drilling Cost | N18: Well Cost | O18: Services | P18: Mud, Chemical and Engineering Service | Q18: 0
A19: Darajat | B19: DRJ - 2024 | C19: DRJ-55 | E19: 4359943.1 | K19: WW - 2018 | L19: General | M19: Drilling Cost | N19: Well Cost | O19: Services | P19: Open Hole Electrical Logging Service | Q19: 0
A20: Darajat | B20: DRJ - 2024 | C20: DRJ-56 | E20: 6925978.2 | K20: WW - 2018 | L20: General | M20: Drilling Cost | N20: Well Cost | O20: Services | P20: Other Transportation | Q20: 0
A21: Darajat | B21: DRJ - 2024 | C21: DRJ-57 | E21: 4562998 | K21: WW - 2018 | L21: General | M21: Drilling Cost | N21: Well Cost | O21: Services | P21: Others | Q21: 1251014.3
A22: Darajat | B22: DRJ - 2024 | C22: General | E22: 5170158.4 | F22: 1943104.3 | G22: 5605799.4 | K22: WW - 2018 | L22: General | M22: Drilling Cost | N22: Well Cost | O22: Services | P22: Service Lines & Communication | Q22: 0
A23: Salak | B23: SLK - 2021 | C23: AWI 16-08 | E23: 5460023.5 | K23: WW - 2018 | L23: General | M23: Drilling Cost | N23: Well Cost | O23: Services | P23: Supervision | Q23: 0
A24: Salak | B24: SLK - 2021 | C24: AWI 16-09 | E24: 3058905.8 | K24: WW - 2018 | L24: MBA-6 | M24: Drilling Cost | N24: Well Cost | O24: Drilling Operation Water Support | P24: Drilling Operation Water Support | Q24: 12864.21
A25: Salak | B25: SLK - 2021 | C25: Awi 21-05 | E25: 3111812.8 | K25: WW - 2018 | L25: MBA-6 | M25: Drilling Cost | N25: Well Cost | O25: Material - LL | P25: Casing | Q25: 395838.88
A26: Salak | B26: SLK - 2021 | C26: Awi 21-06 | E26: 2149748.7 | K26: WW - 2018 | L26: MBA-6 | M26: Drilling Cost | N26: Well Cost | O26: Material - LL | P26: Equipment Rental | Q26: 457313.66
A27: Salak | B27: SLK - 2021 | C27: AWI 9-10 | E27: 3605873 | K27: WW - 2018 | L27: MBA-6 | M27: Drilling Cost | N27: Well Cost | O27: Material - LL | P27: Fuel & Lubricants | Q27: 133859.92
A28: Salak | B28: SLK - 2021 | C28: General | E28: 5584108 | F28: 1383701.1 | G28: 3697074.7 | K28: WW - 2018 | L28: MBA-6 | M28: Drilling Cost | N28: Well Cost | O28: Material - LL | P28: Well Equipment Surface | Q28: 76817.64
A29: Salak | B29: SLK - 2025 | C29: AWI 21-7 | E29: 3183804.8 | K29: WW - 2018 | L29: MBA-6 | M29: Drilling Cost | N29: Well Cost | O29: Services | P29: API non API Machine Shop Service | Q29: 103071.13
A30: Salak | B30: SLK - 2025 | C30: AWI 21-8 | E30: 3187325.8 | K30: WW - 2018 | L30: MBA-6 | M30: Drilling Cost | N30: Well Cost | O30: Services | P30: Bits, Reamer and Core heads | Q30: -12705
A31: Salak | B31: SLK - 2025 | C31: AWI 23-1 | E31: 4879940.4 | K31: WW - 2018 | L31: MBA-6 | M31: Drilling Cost | N31: Well Cost | O31: Services | P31: Casing Installation | Q31: 75718.2
A32: Salak | B32: SLK - 2025 | C32: AWI 23-2 | E32: 4325740.8 | K32: WW - 2018 | L32: MBA-6 | M32: Drilling Cost | N32: Well Cost | O32: Services | P32: Cement, Cementing & Pump Fees | Q32: 439716.99
A33: Salak | B33: SLK - 2025 | C33: AWI 2-6 | E33: 2329448.9 | K33: WW - 2018 | L33: MBA-6 | M33: Drilling Cost | N33: Well Cost | O33: Services | P33: Contract Rig | Q33: 1543621.9
A34: Salak | B34: SLK - 2025 | C34: AWI 2-7 ML | E34: 4720721.5 | K34: WW - 2018 | L34: MBA-6 | M34: Drilling Cost | N34: Well Cost | O34: Services | P34: Directional Drilling & Surveys | Q34: 334786.2
A35: Salak | B35: SLK - 2025 | C35: AWI 3-9 | E35: 3669854.2 | K35: WW - 2018 | L35: MBA-6 | M35: Drilling Cost | N35: Well Cost | O35: Services | P35: Drilling Safety, Health & Environment | Q35: 71177
A36: Salak | B36: SLK - 2025 | C36: AWI 9-10 RD | E36: 45127.74 | K36: WW - 2018 | L36: MBA-6 | M36: Drilling Cost | N36: Well Cost | O36: Services | P36: Equipment Rental | Q36: -141778.44
A37: Salak | B37: SLK - 2025 | C37: AWI 9-11 | E37: 111301.31 | K37: WW - 2018 | L37: MBA-6 | M37: Drilling Cost | N37: Well Cost | O37: Services | P37: Land Transportation | Q37: 117550.47
A38: Salak | B38: SLK - 2025 | C38: General | D38: 0 | E38: 5415111.2 | F38: 2032624.5 | G38: 4621324.5 | K38: WW - 2018 | L38: MBA-6 | M38: Drilling Cost | N38: Well Cost | O38: Services | P38: Mud Logging Service | Q38: 68207.7
A39: Wayang Windu | B39: WW - 2018 | C39: General | E39: 1060552 | F39: 261037.06 | G39: 866204.72 | K39: WW - 2018 | L39: MBA-6 | M39: Drilling Cost | N39: Well Cost | O39: Services | P39: Mud, Chemical and Engineering Service | Q39: 417750.09
A40: Wayang Windu | B40: WW - 2018 | C40: MBA-6 | E40: 4499130.5 | K40: WW - 2018 | L40: MBA-6 | M40: Drilling Cost | N40: Well Cost | O40: Services | P40: Other Transportation | Q40: 200544.73
A41: Wayang Windu | B41: WW - 2018 | C41: MBA-7 | E41: 4423085.2 | K41: WW - 2018 | L41: MBA-6 | M41: Drilling Cost | N41: Well Cost | O41: Services | P41: Others | Q41: 17890.25
A42: Wayang Windu | B42: WW - 2018 | C42: MBD-7 | E42: 6696290.2 | K42: WW - 2018 | L42: MBA-6 | M42: Drilling Cost | N42: Well Cost | O42: Services | P42: Service Lines & Communication | Q42: 1752.74
A43: Wayang Windu | B43: WW - 2018 | C43: MBD-8 | E43: 9180700.1 | K43: WW - 2018 | L43: MBA-6 | M43: Drilling Cost | N43: Well Cost | O43: Services | P43: Supervision | Q43: 185132.24
A44: Wayang Windu | B44: WW - 2021 | C44: General | E44: 4665082.4 | F44: 774205.96 | G44: 772274.8 | K44: WW - 2018 | L44: MBA-7 | M44: Drilling Cost | N44: Well Cost | O44: Material - LL | P44: Casing | Q44: 325171.97
A45: Wayang Windu | B45: WW - 2021 | C45: MBD-8WO | E45: 2816506.3 | F45: 5802.67 | G45: 181230.63 | K45: WW - 2018 | L45: MBA-7 | M45: Drilling Cost | N45: Well Cost | O45: Material - LL | P45: Fuel & Lubricants | Q45: 217969.05
A46: Wayang Windu | B46: WW - 2021 | C46: MBE-6 | E46: 2539839.8 | F46: 17944.21 | G46: 364171.44 | K46: WW - 2018 | L46: MBA-7 | M46: Drilling Cost | N46: Well Cost | O46: Material - LL | P46: Well Equipment Surface | Q46: 73907.16
A47: Wayang Windu | B47: WW - 2021 | C47: MBE-7 | E47: 3482227.7 | F47: 21184.52 | G47: 390996.51 | K47: WW - 2018 | L47: MBA-7 | M47: Drilling Cost | N47: Well Cost | O47: Services | P47: API non API Machine Shop Service | Q47: 129993.89
A48: Wayang Windu | B48: WW - 2021 | C48: MBI-1 | E48: 1917673.7 | F48: 3034.21 | G48: 297255.68 | K48: WW - 2018 | L48: MBA-7 | M48: Drilling Cost | N48: Well Cost | O48: Services | P48: Bits, Reamer and Core heads | Q48: 88611
A49: Wayang Windu | B49: WW - 2021 | C49: WWA-8 | E49: 5305964.6 | F49: 3034.21 | G49: 237021.95 | K49: WW - 2018 | L49: MBA-7 | M49: Drilling Cost | N49: Well Cost | O49: Services | P49: Casing Installation | Q49: 76816.73
A50: Wayang Windu | B50: WW - 2021 | C50: WWA-9 | E50: 2903132.7 | F50: 3034.21 | G50: 373380.02 | K50: WW - 2018 | L50: MBA-7 | M50: Drilling Cost | N50: Well Cost | O50: Services | P50: Cement, Cementing & Pump Fees | Q50: 402650.92
K51: WW - 2018 | L51: MBA-7 | M51: Drilling Cost | N51: Well Cost | O51: Services | P51: Contract Rig | Q51: 1455536.4
K52: WW - 2018 | L52: MBA-7 | M52: Drilling Cost | N52: Well Cost | O52: Services | P52: Directional Drilling & Surveys | Q52: 341813.33
K53: WW - 2018 | L53: MBA-7 | M53: Drilling Cost | N53: Well Cost | O53: Services | P53: Drilling Safety, Health & Environment | Q53: 66339.49
K54: WW - 2018 | L54: MBA-7 | M54: Drilling Cost | N54: Well Cost | O54: Services | P54: Equipment Rental | Q54: 329171.23
K55: WW - 2018 | L55: MBA-7 | M55: Drilling Cost | N55: Well Cost | O55: Services | P55: Land Transportation | Q55: 76205.36
K56: WW - 2018 | L56: MBA-7 | M56: Drilling Cost | N56: Well Cost | O56: Services | P56: Mud Logging Service | Q56: 61220.32
K57: WW - 2018 | L57: MBA-7 | M57: Drilling Cost | N57: Well Cost | O57: Services | P57: Mud, Chemical and Engineering Service | Q57: 688367.79
K58: WW - 2018 | L58: MBA-7 | M58: Drilling Cost | N58: Well Cost | O58: Services | P58: Open Hole Electrical Logging Service | Q58: 0
K59: WW - 2018 | L59: MBA-7 | M59: Drilling Cost | N59: Well Cost | O59: Services | P59: Other Transportation | Q59: 7081.19
K60: WW - 2018 | L60: MBA-7 | M60: Drilling Cost | N60: Well Cost | O60: Services | P60: Service Lines & Communication | Q60: 1785.73
K61: WW - 2018 | L61: MBA-7 | M61: Drilling Cost | N61: Well Cost | O61: Services | P61: Supervision | Q61: 80443.65
K62: WW - 2018 | L62: MBD-7 | M62: Drilling Cost | N62: Well Cost | O62: Material - LL | P62: Casing | Q62: 299595.79
... K97: WW - 2018 | L97: MBD-8 | M97: Drilling Cost | N97: Well Cost | O97: Services | P97: Supervision | Q97: 151322.99

Sheet Structured.Cost
B2: # | C2: Asset | D2: Campaign | E2: Level 2 | F2: Level 3 | G2: Level 4 | H2: Level 5 | I2: Well | J2: Actual Cost USD
B3: 1 | C3: Wayang Windu | D3: WW - 2018 | E3: Drilling Cost | F3: LIH | G3: LIH | H3: LIH | I3: General | J3: -105457.27
B4: 2 | C4: Wayang Windu | D4: WW - 2018 | E4: Drilling Cost | F4: Logging Cost | G4: Logging Cost | H4: Logging Cost | I4: General | J4: 160573.24
B5: 3 | C5: Wayang Windu | D5: WW - 2018 | E5: Drilling Cost | F5: Well Cost | G5: Material - LL | H5: Casing | I5: General | J5: 0
B6: 4 | C6: Wayang Windu | D6: WW - 2018 | E6: Drilling Cost | F6: Well Cost | G6: Material - LL | H6: Casing | I6: MBA-6 | J6: 11935.55
B7: 5 | C7: Wayang Windu | D7: WW - 2018 | E7: Drilling Cost | F7: Well Cost | G7: Material - LL | H7: Casing | I7: MBA-7 | J7: 325171.97
B8: 6 | C8: Wayang Windu | D8: WW - 2018 | E8: Drilling Cost | F8: Well Cost | G8: Material - LL | H8: Casing | I8: MBD-7 | J8: 299595.79
B9: 7 | C9: Wayang Windu | D9: WW - 2018 | E9: Drilling Cost | F9: Well Cost | G9: Material - LL | H9: Casing | I9: MBD-8 | J9: 304089.61
B10: 8 | C10: Wayang Windu | D10: WW - 2018 | E10: Drilling Cost | F10: Well Cost | G10: Material - LL | H10: Fuel & Lubricants | I10: General | J10: -149146.03
B11: 9 | C11: Wayang Windu | D11: WW - 2018 | E11: Drilling Cost | F11: Well Cost | G11: Material - LL | H11: Fuel & Lubricants | I11: MBA-6 | J11: 133859.92
B12: 10 | C12: Wayang Windu | D12: WW - 2018 | E12: Drilling Cost | F12: Well Cost | G12: Material - LL | H12: Fuel & Lubricants | I12: MBA-7 | J12: 217969.05
B13: 11 | C13: Wayang Windu | D13: WW - 2018 | E13: Drilling Cost | F13: Well Cost | G13: Material - LL | H13: Fuel & Lubricants | I13: MBD-7 | J13: 397730.2
B14: 12 | C14: Wayang Windu | D14: WW - 2018 | E14: Drilling Cost | F14: Well Cost | G14: Material - LL | H14: Fuel & Lubricants | I14: MBD-8 | J14: 432393.83
... B121: 119 | C121: Wayang Windu | D121: WW - 2018 | E121: Drilling Cost | F121: Well Cost | G121: Services | H121: Others | I121: General | J121: 476192.46
B122: 120 | C122: Wayang Windu | D122: WW - 2018 | E122: Drilling Cost | F122: Well Cost | G122: =VLOOKUP(Table1[[#This Row],[Level 5]],[1]Sheet1!$C$2:$D$79,2,0) -> Services | H122: Service Lines & Communication | I122: General | J122: 3010.93
B123: 121 | C123: Wayang Windu | D123: WW - 2018 | E123: Drilling Cost | F123: Well Cost | G123: =VLOOKUP(Table1[[#This Row],[Level 5]],[1]Sheet1!$C$2:$D$79,2,0) -> Drilling Operation Water Support | H123: Drilling Operation Water Support | I123: General | J123: 4904.05
B124: 122 | C124: Wayang Windu | D124: WW - 2018 | E124: Drilling Cost | F124: Well Cost | G124: =VLOOKUP(Table1[[#This Row],[Level 5]],[1]Sheet1!$C$2:$D$79,2,0) -> Services | H124: Contract Rig | I124: General | J124: 1866987.6
B125: 123 | C125: Wayang Windu | D125: WW - 2018 | E125: Drilling Cost | F125: Well Cost | G125: =VLOOKUP(Table1[[#This Row],[Level 5]],[1]Sheet1!$C$2:$D$79,2,0) -> Services | H125: Casing Installation | I125: General | J125: 10421.91
B126: 124 | C126: Wayang Windu | D126: WW - 2018 | E126: Drilling Cost | F126: Well Cost | G126: =VLOOKUP(Table1[[#This Row],[Level 5]],[1]Sheet1!$C$2:$D$79,2,0) -> Services | H126: Cement, Cementing & Pump Fees | I126: General | J126: 174558.94
B127: 125 | C127: Wayang Windu | D127: WW - 2018 | E127: Drilling Cost | F127: Well Cost | G127: =VLOOKUP(Table1[[#This Row],[Level 5]],[1]Sheet1!$C$2:$D$79,2,0) -> Services | H127: Mud Logging Service | I127: General | J127: 16400
B128: 126 | C128: Wayang Windu | D128: WW - 2018 | E128: Drilling Cost | F128: Well Cost | G128: =VLOOKUP(Table1[[#This Row],[Level 5]],[1]Sheet1!$C$2:$D$79,2,0) -> Services | H128: Supervision | I128: General | J128: 111731.14
B129: 127 | C129: Wayang Windu | D129: WW - 2018 | E129: Drilling Cost | F129: Well Cost | G129: =VLOOKUP(Table1[[#This Row],[Level 5]],[1]Sheet1!$C$2:$D$79,2,0) -> Services | H129: Land Transportation | I129: General | J129: 32683.58
B130: 128 | C130: Wayang Windu | D130: WW - 2018 | E130: Drilling Cost | F130: Well Cost | G130: =VLOOKUP(Table1[[#This Row],[Level 5]],[1]Sheet1!$C$2:$D$79,2,0) -> Services | H130: Other Transportation | I130: General | J130: 16983.19
B131: 129 | C131: Wayang Windu | D131: WW - 2018 | E131: Drilling Cost | F131: Well Cost | G131: =VLOOKUP(Table1[[#This Row],[Level 5]],[1]Sheet1!$C$2:$D$79,2,0) -> Material - LL | H131: Fuel & Lubricants | I131: General | J131: 149146.03
B132: 130 | C132: Wayang Windu | D132: WW - 2018 | E132: Drilling Cost | F132: Well Cost | G132: Services | H132: Others | I132: General | J132: 69.37
B133: 131 | C133: Wayang Windu | D133: WW - 2018 | E133: Drilling Cost | F133: Well Cost | G133: =VLOOKUP(Table1[[#This Row],[Level 5]],[1]Sheet1!$C$2:$D$79,2,0) -> Services | H133: Drilling Safety, Health & Environment | I133: General | J133: 16365.77
B134: 132 | C134: Wayang Windu | D134: WW - 2018 | E134: Drilling Cost | F134: Well Cost | G134: Services | H134: Others | I134: General | J134: 175153.08
B135: 133 | C135: Wayang Windu | D135: WW - 2018 | E135: Drilling Cost | F135: Well Cost | G135: Services | H135: Others | I135: General | J135: 580963.37
B136: 134 | C136: Wayang Windu | D136: WW - 2018 | E136: Drilling Cost | F136: Well Cost | G136: Services | H136: Others | I136: General | J136: 18635.98
B137: 136 | C137: Darajat | D137: DRJ - 2019 | E137: Drilling Cost | F137: Rig Mobilization | G137: Rig Mobilization | H137: Rig Mobilization | I137: General | J137: 3136274.4 | M137: D
B138: 137 | C138: Darajat | D138: DRJ - 2019 | E138: Drilling Cost | F138: Rig Move | G138: Interpad Move | H138: Rig Move | I138: General | J138: 1337803.5 | L138: =SUM(J137:J138) -> 4474077.9 | M138: D
B139: 138 | C139: Darajat | D139: DRJ - 2019 | E139: Drilling Cost | F139: Well Cost | G139: Material - LL | H139: Casing | I139: DRJ-44OH | J139: 367853.72
B140: 139 | C140: Darajat | D140: DRJ - 2019 | E140: Drilling Cost | F140: Well Cost | G140: Material - LL | H140: Casing | I140: DRJ-45OH | J140: 571988.4
B141: 140 | C141: Darajat | D141: DRJ - 2019 | E141: Drilling Cost | F141: Well Cost | G141: Material - LL | H141: Casing | I141: DRJ-46OH | J141: 532507.52
B142: 141 | C142: Darajat | D142: DRJ - 2019 | E142: Drilling Cost | F142: Well Cost | G142: Material - LL | H142: Casing | I142: DRJ-47OH | J142: 454605.79
B143: 142 | C143: Darajat | D143: DRJ - 2019 | E143: Drilling Cost | F143: Well Cost | G143: Material - LL | H143: Casing | I143: DRJ-48 | J143: 359868.91
B144: 143 | C144: Darajat | D144: DRJ - 2019 | E144: Drilling Cost | F144: Well Cost | G144: Material - LL | H144: Equipment Rental | I144: DRJ-44OH | J144: 370208.79
B145: 144 | C145: Darajat | D145: DRJ - 2019 | E145: Drilling Cost | F145: Well Cost | G145: Material - LL | H145: Equipment Rental | I145: DRJ-45OH | J145: 862920.21
B146: 145 | C146: Darajat | D146: DRJ - 2019 | E146: Drilling Cost | F146: Well Cost | G146: Material - LL | H146: Equipment Rental | I146: DRJ-46OH | J146: 567110.31
B147: 146 | C147: Darajat | D147: DRJ - 2019 | E147: Drilling Cost | F147: Well Cost | G147: Material - LL | H147: Equipment Rental | I147: DRJ-47OH | J147: 428314.23
B148: 147 | C148: Darajat | D148: DRJ - 2019 | E148: Drilling Cost | F148: Well Cost | G148: Material - LL | H148: Equipment Rental | I148: DRJ-48 | J148: 332831.74
B149: 148 | C149: Darajat | D149: DRJ - 2019 | E149: Drilling Cost | F149: Well Cost | G149: Material - LL | H149: Fuel & Lubricants | I149: DRJ-44OH | J149: 318467.05
B150: 149 | C150: Darajat | D150: DRJ - 2019 | E150: Drilling Cost | F150: Well Cost | G150: Material - LL | H150: Fuel & Lubricants | I150: DRJ-45OH | J150: 580748.72
... B229: 228 | C229: Wayang Windu | D229: WW - 2021 | E229: Drilling Cost | F229: LIH | G229: LIH | H229: LIH | I229: General | J229: 330865.54
B230: 229 | C230: Wayang Windu | D230: WW - 2021 | E230: Drilling Cost | F230: Rig Move | G230: Interpad Move | H230: Rig Move | I230: General | J230: 3981170.5 | M230: WW
B231: 230 | C231: Wayang Windu | D231: WW - 2021 | E231: Drilling Cost | F231: Rig Skid | G231: Rig Skid | H231: Rig Skid | I231: General | J231: 201214.07 | L231: =SUM(J230:J231) -> 4182384.6 | M231: WW
B232: 231 | C232: Wayang Windu | D232: WW - 2021 | E232: Drilling Cost | F232: Well Cost | G232: Material - LL | H232: Casing | I232: MBD-8WO | J232: 72987.9
B233: 232 | C233: Wayang Windu | D233: WW - 2021 | E233: Drilling Cost | F233: Well Cost | G233: Material - LL | H233: Casing | I233: MBE-6 | J233: 409317.86
B234: 233 | C234: Wayang Windu | D234: WW - 2021 | E234: Drilling Cost | F234: Well Cost | G234: Material - LL | H234: Casing | I234: MBE-7 | J234: 593931.6
B235: 234 | C235: Wayang Windu | D235: WW - 2021 | E235: Drilling Cost | F235: Well Cost | G235: Material - LL | H235: Casing | I235: MBI-1 | J235: 368289.74
B236: 235 | C236: Wayang Windu | D236: WW - 2021 | E236: Drilling Cost | F236: Well Cost | G236: Material - LL | H236: Casing | I236: WWA-8 | J236: 513871.54
B237: 236 | C237: Wayang Windu | D237: WW - 2021 | E237: Drilling Cost | F237: Well Cost | G237: Material - LL | H237: Casing | I237: WWA-9 | J237: 585870.55
B238: 237 | C238: Wayang Windu | D238: WW - 2021 | E238: Drilling Cost | F238: Well Cost | G238: Material - LL | H238: Equipment Rental | I238: MBD-8WO | J238: 533496.04
B239: 238 | C239: Wayang Windu | D239: WW - 2021 | E239: Drilling Cost | F239: Well Cost | G239: Material - LL | H239: Equipment Rental | I239: MBE-6 | J239: 231136.99
B240: 239 | C240: Wayang Windu | D240: WW - 2021 | E240: Drilling Cost | F240: Well Cost | G240: Material - LL | H240: Equipment Rental | I240: MBE-7 | J240: 344832.62
B241: 240 | C241: Wayang Windu | D241: WW - 2021 | E241: Drilling Cost | F241: Well Cost | G241: Material - LL | H241: Equipment Rental | I241: MBI-1 | J241: 179334.32
B242: 241 | C242: Wayang Windu | D242: WW - 2021 | E242: Drilling Cost | F242: Well Cost | G242: Material - LL | H242: Equipment Rental | I242: WWA-8 | J242: 762026.33
B243: 242 | C243: Wayang Windu | D243: WW - 2021 | E243: Drilling Cost | F243: Well Cost | G243: Material - LL | H243: Equipment Rental | I243: WWA-9 | J243: 270273.02
... B384: 383 | C384: Salak | D384: SLK - 2021 | E384: Drilling Cost | F384: LIH | G384: LIH | H384: LIH | I384: General | J384: 1531986.8
B385: 384 | C385: Salak | D385: SLK - 2021 | E385: Drilling Cost | F385: Rig Mobilization | G385: Rig Mobilization | H385: Rig Mobilization | I385: General | J385: 2089596.2 | M385: S
B386: 385 | C386: Salak | D386: SLK - 2021 | E386: Drilling Cost | F386: Rig Move | G386: Interpad Move | H386: Rig Move | I386: General | J386: 1721630.9 | M386: S
B387: 386 | C387: Salak | D387: SLK - 2021 | E387: Drilling Cost | F387: Rig Skid | G387: Rig Skid | H387: Rig Skid | I387: General | J387: 240894.27 | L387: =SUM(J385:J387) -> 4052121.3 | M387: S
B388: 387 | C388: Salak | D388: SLK - 2021 | E388: Drilling Cost | F388: Well Cost | G388: Material - LL | H388: Casing | I388: AWI 16-08 | J388: 425099.43
B389: 388 | C389: Salak | D389: SLK - 2021 | E389: Drilling Cost | F389: Well Cost | G389: Material - LL | H389: Casing | I389: AWI 16-09 | J389: 402339.51
B390: 389 | C390: Salak | D390: SLK - 2021 | E390: Drilling Cost | F390: Well Cost | G390: Material - LL | H390: Casing | I390: Awi 21-05 | J390: 472745.02
B391: 390 | C391: Salak | D391: SLK - 2021 | E391: Drilling Cost | F391: Well Cost | G391: Material - LL | H391: Casing | I391: Awi 21-06 | J391: 356852.49
B392: 391 | C392: Salak | D392: SLK - 2021 | E392: Drilling Cost | F392: Well Cost | G392: Material - LL | H392: Casing | I392: AWI 9-10 | J392: 527713.81
B393: 392 | C393: Salak | D393: SLK - 2021 | E393: Drilling Cost | F393: Well Cost | G393: Material - LL | H393: Fuel & Lubricants | I393: AWI 16-08 | J393: 467276.53
B394: 393 | C394: Salak | D394: SLK - 2021 | E394: Drilling Cost | F394: Well Cost | G394: Material - LL | H394: Fuel & Lubricants | I394: AWI 16-09 | J394: 164541.09
B395: 394 | C395: Salak | D395: SLK - 2021 | E395: Drilling Cost | F395: Well Cost | G395: Material - LL | H395: Fuel & Lubricants | I395: Awi 21-05 | J395: 215162.26
B396: 395 | C396: Salak | D396: SLK - 2021 | E396: Drilling Cost | F396: Well Cost | G396: Material - LL | H396: Fuel & Lubricants | I396: Awi 21-06 | J396: 91365.62
B397: 396 | C397: Salak | D397: SLK - 2021 | E397: Drilling Cost | F397: Well Cost | G397: Material - LL | H397: Fuel & Lubricants | I397: AWI 9-10 | J397: 267325.16
B398: 397 | C398: Salak | D398: SLK - 2021 | E398: Drilling Cost | F398: Well Cost | G398: Material - LL | H398: Others | I398: Awi 21-05 | J398: 20805.02
B399: 398 | C399: Salak | D399: SLK - 2021 | E399: Drilling Cost | F399: Well Cost | G399: Material - LL | H399: Others | I399: AWI 9-10 | J399: 4044.28
... B496: 495 | C496: Darajat | D496: DRJ - 2022 | E496: Drilling Cost | F496: LIH | G496: LIH | H496: LIH | I496: General | J496: 0
B497: 496 | C497: Darajat | D497: DRJ - 2022 | E497: Drilling Cost | F497: Rig Mobilization | G497: Rig Mobilization | H497: Rig Mobilization | I497: General | J497: 2658145.8 | M497: D
B498: 497 | C498: Darajat | D498: DRJ - 2022 | E498: Drilling Cost | F498: Rig Move | G498: Interpad Move | H498: Rig Move | I498: General | J498: 1615754.9 | M498: D
B499: 498 | C499: Darajat | D499: DRJ - 2022 | E499: Drilling Cost | F499: Rig Skid | G499: Skid Moving | H499: Rig Skid | I499: General | J499: 169380.89 | L499: =SUM(J497:J499) -> 4443281.6 | M499: D
B500: 499 | C500: Darajat | D500: DRJ - 2022 | E500: Drilling Cost | F500: Well Cost | G500: Material - LL | H500: Asset Transfer | I500: DRJ-38RD | J500: 13514.56
B501: 500 | C501: Darajat | D501: DRJ - 2022 | E501: Drilling Cost | F501: Well Cost | G501: Material - LL | H501: Asset Transfer | I501: DRJ-49OH | J501: 31535.17
B502: 501 | C502: Darajat | D502: DRJ - 2022 | E502: Drilling Cost | F502: Well Cost | G502: Material - LL | H502: Asset Transfer | I502: DRJ-50OH | J502: 22400.72
B503: 502 | C503: Darajat | D503: DRJ - 2022 | E503: Drilling Cost | F503: Well Cost | G503: Material - LL | H503: Asset Transfer | I503: DRJ-51OH | J503: 19432.99
B504: 503 | C504: Darajat | D504: DRJ - 2022 | E504: Drilling Cost | F504: Well Cost | G504: Material - LL | H504: Asset Transfer | I504: DRJ-52OH | J504: 21580.53
B505: 504 | C505: Darajat | D505: DRJ - 2022 | E505: Drilling Cost | F505: Well Cost | G505: Material - LL | H505: Casing | I505: DRJ-38RD | J505: 198087.95
B506: 505 | C506: Darajat | D506: DRJ - 2022 | E506: Drilling Cost | F506: Well Cost | G506: Material - LL | H506: Casing | I506: DRJ-49OH | J506: 414603.22
B507: 506 | C507: Darajat | D507: DRJ - 2022 | E507: Drilling Cost | F507: Well Cost | G507: Material - LL | H507: Casing | I507: DRJ-50OH | J507: 419472.97
B508: 507 | C508: Darajat | D508: DRJ - 2022 | E508: Drilling Cost | F508: Well Cost | G508: Material - LL | H508: Casing | I508: DRJ-51OH | J508: 532953.13
B509: 508 | C509: Darajat | D509: DRJ - 2022 | E509: Drilling Cost | F509: Well Cost | G509: Material - LL | H509: Casing | I509: DRJ-52OH | J509: 319725.93
B510: 509 | C510: Darajat | D510: DRJ - 2022 | E510: Drilling Cost | F510: Well Cost | G510: Material - LL | H510: Fuel & Lubricants | I510: DRJ-38RD | J510: 332119.15
B511: 510 | C511: Darajat | D511: DRJ - 2022 | E511: Drilling Cost | F511: Well Cost | G511: Material - LL | H511: Fuel & Lubricants | I511: DRJ-49OH | J511: 473986.83
... B664: 663 | C664: Darajat | D664: DRJ - 2024 | E664: Drilling Cost | F664: Rig Move | G664: Interpad Move | H664: Rig Move | I664: General | J664: 1557867
B665: 664 | C665: Darajat | D665: DRJ - 2024 | E665: Drilling Cost | F665: Rig Skid | G665: Rig Skid | H665: Rig Skid | I665: General | J665: 103749.54 | L665: =SUM(J663:J665) -> 5147482.1 | M665: D
B666: 665 | C666: Darajat | D666: DRJ - 2024 | E666: Drilling Cost | F666: Well Cost | G666: Material - LL | H666: Asset Transfer | I666: DRJ-53 | J666: 6771.23
B667: 666 | C667: Darajat | D667: DRJ - 2024 | E667: Drilling Cost | F667: Well Cost | G667: Material - LL | H667: Asset Transfer | I667: DRJ-54 | J667: 0
B668: 667 | C668: Darajat | D668: DRJ - 2024 | E668: Drilling Cost | F668: Well Cost | G668: Material - LL | H668: Asset Transfer | I668: DRJ-55 | J668: 0
B669: 668 | C669: Darajat | D669: DRJ - 2024 | E669: Drilling Cost | F669: Well Cost | G669: Material - LL | H669: Asset Transfer | I669: DRJ-56 | J669: 0
B670: 669 | C670: Darajat | D670: DRJ - 2024 | E670: Drilling Cost | F670: Well Cost | G670: Material - LL | H670: Asset Transfer | I670: DRJ-57 | J670: 6042.02
B671: 670 | C671: Darajat | D671: DRJ - 2024 | E671: Drilling Cost | F671: Well Cost | G671: Material - LL | H671: Asset Transfer | I671: General | J671: 0
B672: 671 | C672: Darajat | D672: DRJ - 2024 | E672: Drilling Cost | F672: Well Cost | G672: Material - LL | H672: Casing | I672: DRJ-53 | J672: 51344.18
B673: 672 | C673: Darajat | D673: DRJ - 2024 | E673: Drilling Cost | F673: Well Cost | G673: Material - LL | H673: Casing | I673: DRJ-54 | J673: 555950.62
...

Sheet General.Camp.Data
B2: No | C2: Asset | D2: Campaign | E2: WBS CODE | F2: Pad Name | G2: Well Name Actual | H2: Well Name SAP | I2: Well Name Alt 1 | J2: Well Name Alt 2 | K2: ST Yes or No | L2: Actual Depth Original, ft MD | M2: Actual Depth Side Track, ft MD | N2: Actual depth, ft MD | O2: Spud Date | P2: Drilling Duration, hrs | Q2: Drilling Duration, days equivalent | R2: NPT hours | S2: Target depth, ft MD | T2: Target Depth, eq. m MD | U2: Actual Depth, eq. m MD
B3: 1 | C3: Wayang Windu | D3: WW - 2018 | E3: E500-2-0-8501-185003 | F3: Pad MBA | G3: MBA-6 | H3: MBA-6 | I3: MBA-6 | J3: MBA-6 | K3: No | L3: 5732 | M3: 0 | N3: 5732 | O3: 43431.604 | P3: 654 | Q3: 27.25 | R3: 0.5 | S3: 5807 | T3: 1769.9736 | U3: =CONVERT(Table2[[#This Row],[Actual depth, ft MD]],"ft", "m") -> 1747.1136
B4: 2 | C4: Wayang Windu | D4: WW - 2018 | E4: E500-2-0-8501-185003 | F4: Pad MBA | G4: MBA-7 | H4: MBA-7 | I4: MBA-7 | J4: MBA-7 | K4: No | L4: 4965 | M4: 0 | N4: 4965 | O4: 43463.667 | P4: 597.5 | Q4: 24.895833 | R4: 36.75 | S4: 5413 | T4: 1649.8824 | U4: =CONVERT(Table2[[#This Row],[Actual depth, ft MD]],"ft", "m") -> 1513.332
B5: 3 | C5: Wayang Windu | D5: WW - 2018 | E5: E500-2-0-8501-185003 | F5: Pad MBD | G5: MBD-7 | H5: MBD-7 | I5: MBD-7 | J5: MBD-7 | K5: No | L5: 4997 | M5: 0 | N5: 4997 | O5: 43505.729 | P5: 214 | Q5: 38.770833 | R5: 3 | S5: 4997 | T5: 1523.0856 | U5: =CONVERT(Table2[[#This Row],[Actual depth, ft MD]],"ft", "m") -> 1523.0856
B6: 4 | C6: Wayang Windu | D6: WW - 2018 | E6: E500-2-0-8501-185003 | F6: Pad MBD | G6: MBD-8 | H6: MBD-8 | I6: MBD-8 | J6: MBD-8 | K6: Yes | L6: 4083 | M6: 4140 | N6: 4140 | O6: 43549.146 | P6: 1214.5 | Q6: 50.604167 | R6: 52.5 | S6: 8202 | T6: 2499.9696 | U6: =CONVERT(Table2[[#This Row],[Actual depth, ft MD]],"ft", "m") -> 1261.872
B7: 5 | C7: Darajat | D7: DRJ - 2019 | E7: E530-30101-D19001 | F7: Pad 20 | G7: DRJ-48 | H7: Well 20 02 | I7: DRJ 20 NE | J7: DRJ-48 | K7: No | L7: 5399.5 | M7: 0 | N7: 5399.5 | O7: 43876.479 | P7: 515.5 | Q7: 21.479167 | R7: 1.25 | S7: 5400 | T7: 1645.92 | U7: =CONVERT(Table2[[#This Row],[Actual depth, ft MD]],"ft", "m") -> 1645.7676
B8: 6 | C8: Darajat | D8: DRJ - 2019 | E8: E530-30101-D19001 | F8: Pad S4 | G8: DRJ-47 | H8: Well S4 03 | I8: DRJ S4 SW | J8: DRJ-47 | K8: No | L8: 5902 | M8: 0 | N8: 5902 | O8: 43826.667 | P8: 600 | Q8: 25 | R8: 3 | S8: 5902 | T8: 1798.9296 | U8: =CONVERT(Table2[[#This Row],[Actual depth, ft MD]],"ft", "m") -> 1798.9296
B9: 7 | C9: Darajat | D9: DRJ - 2019 | E9: E530-30101-D19001 | F9: Pad 20 | G9: DRJ-44 | H9: Well 20 01 | I9: DRJ 20 WNW | J9: DRJ-44 | K9: No | L9: 5860 | M9: 0 | N9: 5860 | O9: 43640.625 | P9: 598.5 | Q9: 24.9375 | R9: 1 | S9: 5979 | T9: 1822.3992 | U9: =CONVERT(Table2[[#This Row],[Actual depth, ft MD]],"ft", "m") -> 1786.128
B10: 8 | C10: Darajat | D10: DRJ - 2019 | E10: E530-30101-D19001 | F10: Pad S4 | G10: DRJ-45 | H10: Well S4 01 | I10: DRJ S4SSE | J10: DRJ-45 | K10: No | L10: 5977 | M10: 0 | N10: 5977 | O10: 43692.771 | P10: 1567.25 | Q10: 65.302083 | R10: 32 | S10: 5977 | T10: 1821.7896 | U10: =CONVERT(Table2[[#This Row],[Actual depth, ft MD]],"ft", "m") -> 1821.7896
B11: 9 | C11: Darajat | D11: DRJ - 2019 | E11: E530-30101-D19001 | F11: Pad S4 | G11: DRJ-46 | H11: Well S4 02 | I11: DRJ S4S | J11: DRJ-46 | K11: No | L11: 5836 | M11: 0 | N11: 5836 | O11: 43775.938 | P11: 976.5 | Q11: 40.6875 | R11: 2 | S11: 5735 | T11: 1748.028 | U11: =CONVERT(Table2[[#This Row],[Actual depth, ft MD]],"ft", "m") -> 1778.8128
B12: 10 | C12: Wayang Windu | D12: WW - 2021 | E12: E500-30101-D205011 | F12: Pad MBI | G12: MBI-1 | H12: MBI 1 | I12: MBI 1 | J12: MBI-1 | K12: No | L12: 4325 | M12: 0 | N12: 4325 | O12: 44343.583 | P12: 262 | Q12: 10.916667 | R12: 0.5 | S12: 4391 | T12: 1338.3768 | U12: =CONVERT(Table2[[#This Row],[Actual depth, ft MD]],"ft", "m") -> 1318.26
B13: 11 | C13: Wayang Windu | D13: WW - 2021 | E13: E500-30101-D205011 | F13: Pad WWA | G13: WWA-9 | H13: WWA 9 | I13: WWA 9 | J13: WWA-9 | K13: No | L13: 7158 | M13: 0 | N13: 7158 | O13: 44258.917 | P13: 356.5 | Q13: 14.854167 | R13: 1.5 | S13: 7191 | T13: 2191.8168 | U13: =CONVERT(Table2[[#This Row],[Actual depth, ft MD]],"ft", "m") -> 2181.7584
B14: 12 | C14: Wayang Windu | D14: WW - 2021 | E14: E500-30101-D205011 | F14: Pad WWA | G14: WWA-8 | H14: WWA 8 | I14: WWA 8 | J14: WWA-8 | K14: No | L14: 5263 | M14: 0 | N14: 5263 | O14: 44280 | P14: 1085.5 | Q14: 45.229167 | R14: 20.25 | S14: 7166 | T14: 2184.1968 | U14: =CONVERT(Table2[[#This Row],[Actual depth, ft MD]],"ft", "m") -> 1604.1624
... B16: 14 | C16: Wayang Windu | D16: WW - 2021 | E16: E500-30101-D205011 | F16: Pad MBE | G16: MBE-6 | H16: MBE 06 | I16: MBE 06 | J16: MBE-6 | K16: No | L16: 4500 | M16: 0 | N16: 4500 | O16: 44185.229 | P16: 365.5 | Q16: 15.229167 | R16: 3 | S16: 4500 | T16: 1371.6 | U16: =CONVERT(Table2[[#This Row],[Actual depth, ft MD]],"ft", "m") -> 1371.6
B17: 15 | C17: Wayang Windu | D17: WW - 2021 | E17: E500-30101-D205011 | F17: Pad MBD | G17: MBD-8WO | H17: MBD 8 WO | I17: MBD 8 WO | J17: MBD-8WO | R17: 0
B18: 16 | C18: Salak | D18: SLK - 2021 | E18: E540-30101-D20001 | F18: Pad 21 | G18: AWI 21-6 | H18: AWI 21-06 | I18: AWI 21-06 | J18: AWI 21-6 | K18: No | L18: 4918 | M18: 0 | N18: 4918 | O18: 44409.5 | P18: 214 | Q18: 8.9166667 | R18: 0 | S18: 5021 | T18: 1530.4008 | U18: =CONVERT(Table2[[#This Row],[Actual depth, ft MD]],"ft", "m") -> 1499.0064
B19: 17 | C19: Salak | D19: SLK - 2021 | E19: E540-30101-D20001 | F19: Pad 21 | G19: AWI 21-5 | H19: AWI 21-05 | I19: AWI 21-05 | J19: AWI 21-5 | K19: No | L19: 4685 | M19: 0 | N19: 4685 | O19: 44384.896 | P19: 529.5 | Q19: 22.0625 | R19: 1.75 | S19: 4846 | T19: 1477.0608 | U19: =CONVERT(Table2[[#This Row],[Actual depth, ft MD]],"ft", "m") -> 1427.988
B20: 18 | C20: Salak | D20: SLK - 2021 | E20: E540-30101-D20001 | F20: Pad 16 | G20: AWI 16-9 | H20: AWI 16-09 | I20: AWI 16-09 | J20: AWI 16-9 | K20: No | L20: 5379 | M20: 0 | N20: 5379 | O20: 44477 | P20: 438.5 | Q20: 18.270833 | R20: 0 | S20: 5591 | T20: 1704.1368 | U20: =CONVERT(Table2[[#This Row],[Actual depth, ft MD]],"ft", "m") -> 1639.5192
B21: 19 | C21: Salak | D21: SLK - 2021 | E21: E540-30101-D20001 | F21: Pad 16 | G21: AWI 16-8 | H21: AWI 16-08 | I21: AWI 16-08 | J21: AWI 16-8 | K21: Yes | L21: 4114 | M21: 5000 | N21: 5000 | O21: 44435.125 | P21: 414 | Q21: 17.25 | R21: 2.75 | S21: 5385 | T21: 1641.348 | U21: =CONVERT(Table2[[#This Row],[Actual depth, ft MD]],"ft", "m") -> 1524
B22: 20 | C22: Salak | D22: SLK - 2021 | E22: E540-30101-D20001 | F22: Pad 9 | G22: AWI 9-10 | H22: AWI 9-10 | I22: AWI 9-10 | J22: AWI 9-10 | K22: Yes | L22: 8919 | M22: 0 | N22: 8919 | O22: 44519.958 | P22: 528 | Q22: 22 | R22: 1 | S22: 9263 | T22: 2823.3624 | U22: =CONVERT(Table2[[#This Row],[Actual depth, ft MD]],"ft", "m") -> 2718.5112
B23: 21 | C23: Darajat | D23: DRJ - 2022 | E23: E530-30101-D225301 | F23: Pad 14 | G23: DRJ-51 | H23: DRJ 14-1 | I23: DRJ 14-1 | J23: DRJ-51 | K23: No | L23: 4993 | M23: 0 | N23: 4993 | O23: 44718.354 | P23: 706.5 | Q23: 29.4375 | R23: 5 | S23: 6200 | T23: 1889.76 | U23: =CONVERT(Table2[[#This Row],[Actual depth, ft MD]],"ft", "m") -> 1521.8664
B24: 22 | C24: Darajat | D24: DRJ - 2022 | E24: E530-30101-D225301 | F24: Pad 14 | G24: DRJ-52 | H24: DRJ 14-2 | I24: DRJ 14-2 | J24: DRJ-52 | K24: No | L24: 5765 | M24: 0 | N24: 5765 | O24: 44750.375 | P24: 489 | Q24: 20.375 | R24: 1.5 | S24: 6000 | T24: 1828.8 | U24: =CONVERT(Table2[[#This Row],[Actual depth, ft MD]],"ft", "m") -> 1757.172
B25: 23 | C25: Darajat | D25: DRJ - 2022 | E25: E530-30101-D225301 | F25: Pad 20 | G25: DRJ-50 | H25: DRJ 20-1 | I25: DRJ 20-1 | J25: DRJ-50 | K25: No | L25: 5749 | M25: 0 | N25: 5749 | O25: 44674.271 | P25: 701.5 | Q25: 29.229167 | R25: 1.75 | S25: 6300 | T25: 1920.24 | U25: =CONVERT(Table2[[#This Row],[Actual depth, ft MD]],"ft", "m") -> 1752.2952
B26: 24 | C26: Darajat | D26: DRJ - 2022 | E26: E530-30101-D225301 | F26: Pad SF | G26: DRJ-49 | H26: DRJ SF-1 | I26: DRJ SF-1 | J26: DRJ-49 | K26: No | L26: 6310 | M26: 0 | N26: 6310 | O26: 44626.458 | P26: 840.5 | Q26: 35.020833 | R26: 2 | S26: 6300 | T26: 1920.24 | U26: =CONVERT(Table2[[#This Row],[Actual depth, ft MD]],"ft", "m") -> 1923.288
B27: 25 | C27: Darajat | D27: DRJ - 2022 | E27: E530-30101-D225301 | F27: Pad SF | G27: DRJ-38RD | H27: DRJ SF-ML | I27: DRJ SF-ML | J27: DRJ-38RD | K27: Yes | L27: 8250.0003 | M27: 6748 | N27: 6748 | O27: 44593.5 | P27: 720 | Q27: 30 | R27: 91.5 | S27: 7000 | T27: 2133.6 | U27: =CONVERT(Table2[[#This Row],[Actual depth, ft MD]],"ft", "m") -> 2056.7904
B28: 26 | C28: Darajat | D28: DRJ - 2024 | E28: E530-30101-D235301 | F28: Pad 15 | G28: DRJ-53 | H28: DRJ Steam 6 | I28: DRJ Steam 6 | J28: DRJ-53 | K28: No | L28: 6500 | M28: 0 | N28: 6500 | O28: 45407.979 | P28: 546.5 | Q28: 22.770833 | R28: 3.5 | S28: 6500 | T28: 1981.2 | U28: =CONVERT(Table2[[#This Row],[Actual depth, ft MD]],"ft", "m") -> 1981.2
B29: 27 | C29: Darajat | D29: DRJ - 2024 | E29: E530-30101-D235301 | F29: Pad 18 | G29: DRJ-54 | H29: DRJ Steam 2 | I29: DRJ Steam 2 | J29: DRJ-54 | K29: No | L29: 6014 | M29: 0 | N29: 6014 | O29: 45443.979 | P29: 712.5 | Q29: 29.6875 | R29: 166 | S29: 6000 | T29: 1828.8 | U29: =CONVERT(Table2[[#This Row],[Actual depth, ft MD]],"ft", "m") -> 1833.0672
... B40: 38 | C40: Salak | D40: SLK - 2025 | E40: E540-30101-D245401 | F40: Pad 9 | G40: AWI 9-11 | H40: AWI 9-11 | I40: AWI 9-11 | J40: AWI 9-11 | K40: No | L40: 9000 | M40: 0 | N40: 9000 | O40: 46086.667 | P40: 0 | Q40: 11.333333 | R40: 3 | S40: 9000 | T40: 2743.2 | U40: =CONVERT(Table2[[#This Row],[Actual depth, ft MD]],"ft", "m") -> 2743.2
B41: 39 | C41: Salak | D41: SLK - 2025 | E41: E540-30101-D245401 | F41: Pad 9 | G41: AWI 9-10 RD | H41: AWI 9-10RD | I41: AWI 9-10RD | J41: AWI 9-10 RD | R41: 0

Sheet NPT.Data
B2: Non-Productive Time
B4: # | C4: Well Name | D4: Job Cat Drill / Sidetrack / Well Service | E4: Event Reference No. | F4: Start Date | G4: End Date | H4: Unsch Maj Cat | I4: Unscheduled Detail | J4: Definition | K4: Dur (Net) (hr) | L4: Accountable Party | M4: Service Contract | N4: Campaign
B5: 1 | C5: AWI 10-4 | D5: Well Services | E5: 1 | F5: 43560.458 | G5: 43560.542 | H5: WO | I5: PERSONNEL | J5: Wait On - Personnel. | K5: 2 | L5: Operator | M5: STAR | N5: =IFERROR(INDEX(Table2[Campaign], MATCH(tab_NPT[[#This Row],[Well Name]], Table2[Well Name Actual], 0)), "")
B6: 2 | C6: AWI 10-4 | D6: Drill and Complete | E6: 3 | F6: 41107.417 | G6: 41109.458 | H6: WO | I6: HES | J6: Wait On - HSE. Safety stand-downs, investigations. | K6: 49 | L6: Operator's Other Contractors | M6: Kharisma Citatunggal | N6: =IFERROR(INDEX(Table2[Campaign], MATCH(tab_NPT[[#This Row],[Well Name]], Table2[Well Name Actual], 0)), "")
B7: 5 | C7: AWI 10-4 | D7: Drill and Complete | E7: 4 | F7: 41113.25 | G7: 41124.667 | H7: WO | I7: REG PERMIT | J7: Wait On - Regulations/Permits. | K7: 274 | L7: Operator | M7: Chevron Geothermal Indonesia Ltd. | N7: =IFERROR(INDEX(Table2[Campaign], MATCH(tab_NPT[[#This Row],[Well Name]], Table2[Well Name Actual], 0)), "")
B8: 6 | C8: AWI 10-4 | D8: Drill and Complete | E8: 5 | F8: 41126.583 | G8: 41131.708 | H8: FSH | I8: FSH ALL OH | J8: Fishing Job | K8: 123 | L8: Operator's Other Contractors | M8: Sperry Sun | N8: =IFERROR(INDEX(Table2[Campaign], MATCH(tab_NPT[[#This Row],[Well Name]], Table2[Well Name Actual], 0)), "")
B9: 7 | C9: AWI 10-4 | D9: Drill and Complete | E9: 6 | F9: 41133.062 | G9: 41133.104 | H9: EQPS | I9: CIRSYS | J9: Equipment - Surface Circulation System. Third-party. | K9: 1 | L9: Rig Contractor | M9: Apexindo Duta Pratama, PT | N9: =IFERROR(INDEX(Table2[Campaign], MATCH(tab_NPT[[#This Row],[Well Name]], Table2[Well Name Actual], 0)), "")
B10: 8 | C10: AWI 10-4 | D10: Drill and Complete | E10: 7 | F10: 41133.417 | G10: 41133.625 | H10: RREQ | I10: CIRSYS | J10: Rig Repair - Circulation System/Mud Pumps. | K10: 5 | L10: Rig Contractor | M10: Apexindo Duta Pratama, PT | N10: =IFERROR(INDEX(Table2[Campaign], MATCH(tab_NPT[[#This Row],[Well Name]], Table2[Well Name Actual], 0)), "")
B11: 9 | C11: AWI 10-4 | D11: Drill and Complete | E11: 8 | F11: 41136.771 | G11: 41137.042 | H11: WO | I11: SUPPLIES | J11: Wait On - Supplies. | K11: 6.5 | L11: Operator | M11: Chevron Geothermal Indonesia Ltd. | N11: =IFERROR(INDEX(Table2[Campaign], MATCH(tab_NPT[[#This Row],[Well Name]], Table2[Well Name Actual], 0)), "")
B12: 10 | C12: AWI 10-4 | D12: Drill and Complete | E12: 9 | F12: 41137.875 | G12: 41137.958 | H12: EQP | I12: CSG LN | J12: Equipment - Casing/Liner. Includes accessories, excludes hangers. | K12: 2 | L12: Rig Contractor | M12: Apexindo Duta Pratama, PT | N12: =IFERROR(INDEX(Table2[Campaign], MATCH(tab_NPT[[#This Row],[Well Name]], Table2[Well Name Actual], 0)), "")
B13: 12 | C13: AWI 10-4 | D13: Drill and Complete | E13: 11 | F13: 41146.333 | G13: 41146.417 | H13: RREQ | I13: TOP DRIVE | J13: Rig Repair - Top Drive. | K13: 2 | L13: Rig Contractor | M13: Apexindo Duta Pratama, PT | N13: =IFERROR(INDEX(Table2[Campaign], MATCH(tab_NPT[[#This Row],[Well Name]], Table2[Well Name Actual], 0)), "")
B14: 13 | C14: AWI 16-08 | D14: Drill and Complete | E14: 1 | F14: 44436.385 | G14: 44436.5 | H14: RREQ | I14: TOP DRIVE | J14: Rig Repair - Top Drive. | K14: 2.75 | L14: Rig Contractor | M14: PT. DATI | N14: =IFERROR(INDEX(Table2[Campaign], MATCH(tab_NPT[[#This Row],[Well Name]], Table2[Well Name Actual], 0)), "")
B15: 14 | C15: AWI 16-08 | D15: Drill and Complete | E15: 2 | F15: 44436.5 | G15: 44436.688 | H15: RREQ | I15: TOP DRIVE | J15: Rig Repair - Top Drive. | K15: 4.5 | L15: Rig Contractor | M15: PT. DATI | N15: =IFERROR(INDEX(Table2[Campaign], MATCH(tab_NPT[[#This Row],[Well Name]], Table2[Well Name Actual], 0)), "")
B16: 15 | C16: AWI 16-08 | D16: Drill and Complete | E16: 3 | F16: 44436.688 | G16: 44436.792 | H16: RREQ | I16: TOP DRIVE | J16: Rig Repair - Top Drive. | K16: 2.5 | L16: Rig Contractor | M16: PT. DATI | N16: =IFERROR(INDEX(Table2[Campaign], MATCH(tab_NPT[[#This Row],[Well Name]], Table2[Well Name Actual], 0)), "")
... B104: 103 | C104: AWI 9-11 | D104: Drill and Complete | E104: 6 | F104: 46094.354 | G104: 46094.396 | H104: RREQ | I104: PIPE HANDL | J104: Rig Repair - Pipe Handling. | K104: 1 | L104: Rig Contractor | M104: PARKER WELLBORE INDONESIA, PT. | N104: =IFERROR(INDEX(Table2[Campaign], MATCH(tab_NPT[[#This Row],[Well Name]], Table2[Well Name Actual], 0)), "") -> SLK - 2025
B105: 104 | C105: DRJ-37 | D105: Drill and Complete | E105: WO05 | F105: 40224 | G105: 40234 | H105: WO | I105: ORDERS | J105: Wait On - Orders. | K105: 240 | N105: =IFERROR(INDEX(Table2[Campaign], MATCH(tab_NPT[[#This Row],[Well Name]], Table2[Well Name Actual], 0)), "")
B106: 105 | C106: DRJ-37 | D106: Well Services | E106: 1 | F106: 41623.292 | G106: 41623.375 | H106: EQPS | I106: CRANE | J106: Equipment - Surface Crane. Third-party only. | K106: 2 | L106: Rig Contractor | M106: BJ Pumping Services | N106: =IFERROR(INDEX(Table2[Campaign], MATCH(tab_NPT[[#This Row],[Well Name]], Table2[Well Name Actual], 0)), "")
B107: 106 | C107: DRJ-37 | D107: Well Services | E107: 1 | F107: 42293.312 | G107: 42293.438 | H107: EQP | I107: WH | J107: Equipment - Wellhead. Includes wear bushings. | K107: 3 | L107: Operator | M107: Chevron Geothermal Indonesia Ltd. | N107: =IFERROR(INDEX(Table2[Campaign], MATCH(tab_NPT[[#This Row],[Well Name]], Table2[Well Name Actual], 0)), "")
B108: 107 | C108: DRJ-37 | D108: Well Services | E108: 1 | F108: 43456.75 | G108: 43457.833 | H108: EQPS | I108: CRANE | J108: Equipment - Surface Crane. Third-party only. | K108: 26 | L108: Contractor | M108: CHAS | N108: =IFERROR(INDEX(Table2[Campaign], MATCH(tab_NPT[[#This Row],[Well Name]], Table2[Well Name Actual], 0)), "")
B109: 108 | C109: DRJ-37 | D109: Drill and Complete | E109: RR09 | F109: 40243.146 | G109: 40243.292 | H109: RREQ | I109: TOP DRIVE | J109: Rig Repair - Top Drive. | K109: 3.4997222 | M109: Apexindo Duta Pratama, PT | N109: =IFERROR(INDEX(Table2[Campaign], MATCH(tab_NPT[[#This Row],[Well Name]], Table2[Well Name Actual], 0)), "")
B110: 109 | C110: DRJ-37 | D110: Well Services | E110: 2 | F110: 41624.083 | G110: 41624.333 | H110: EQPS | I110: CT UNIT | J110: Equipment - Surface CT Unit. Excludes downhole tools. | K110: 6 | L110: Rig Contractor | M110: BJ Pumping Services | N110: =IFERROR(INDEX(Table2[Campaign], MATCH(tab_NPT[[#This Row],[Well Name]], Table2[Well Name Actual], 0)), "")
B111: 110 | C111: DRJ-37 | D111: Well Services | E111: 2 | F111: 42293.938 | G111: 42294.271 | H111: WO | I111: TRANSPORT | J111: Wait On - Transport/Logistics. | K111: 8 | L111: Rig Contractor | M111: BJ Pumping Services | N111: =IFERROR(INDEX(Table2[Campaign], MATCH(tab_NPT[[#This Row],[Well Name]], Table2[Well Name Actual], 0)), "")
B112: 112 | C112: DRJ-37 | D112: Drill and Complete | E112: RR03 | F112: 40243.75 | G112: 40243.875 | H112: RREQ | I112: DW HOIST | J112: Rig Repair - Drawworks/Hoisting. | K112: 3 | M112: Apexindo Duta Pratama, PT | N112: =IFERROR(INDEX(Table2[Campaign], MATCH(tab_NPT[[#This Row],[Well Name]], Table2[Well Name Actual], 0)), "")
B113: 113 | C113: DRJ-37 | D113: Well Services | E113: 3 | F113: 41625.896 | G113: 41625.917 | H113: EQPS | I113: COMPTR | J113: Equipment- Computer | K113: 0.5 | L113: Rig Contractor | M113: BJ Pumping Services | N113: =IFERROR(INDEX(Table2[Campaign], MATCH(tab_NPT[[#This Row],[Well Name]], Table2[Well Name Actual], 0)), "")
B114: 114 | C114: DRJ-37 | D114: Well Services | E114: 3 | F114: 42294.562 | G114: 42294.771 | H114: WO | I114: HES | J114: Wait On - HSE. Safety stand-downs, investigations. | K114: 5 | L114: Operator | M114: Chevron Geothermal Indonesia Ltd. | N114: =IFERROR(INDEX(Table2[Campaign], MATCH(tab_NPT[[#This Row],[Well Name]], Table2[Well Name Actual], 0)), "")
B115: 115 | C115: DRJ-37 | D115: Well Services | E115: 3 | F115: 43459.729 | G115: 43459.812 | H115: EQP | I115: FLTR | J115: Equipment - Filtration. For equipment or fluid. | K115: 2 | L115: Operator | M115: SE | N115: =IFERROR(INDEX(Table2[Campaign], MATCH(tab_NPT[[#This Row],[Well Name]], Table2[Well Name Actual], 0)), "")
B116: 116 | C116: DRJ-37 | D116: Drill and Complete | E116: WBP14 | F116: 40245.458 | G116: 40245.625 | H116: WP | I116: TIGHT HOLE | J116: Well Problem - Tight hole. | K116: 3.9997222 | M116: Chevron Indonesia Company | N116: =IFERROR(INDEX(Table2[Campaign], MATCH(tab_NPT[[#This Row],[Well Name]], Table2[Well Name Actual], 0)), "")
B117: 117 | C117: DRJ-37 | D117: Well Services | E117: 4 | F117: 43459.833 | G117: 43459.854 | H117: EQP | I117: FLTR | J117: Equipment - Filtration. For equipment or fluid. | K117: 0.5 | L117: Contractor | M117: BHGE | N117: =IFERROR(INDEX(Table2[Campaign], MATCH(tab_NPT[[#This Row],[Well Name]], Table2[Well Name Actual], 0)), "")
B118: 118 | C118: DRJ-37 | D118: Drill and Complete | E118: RR12 | F118: 40248.042 | G118: 40248.083 | H118: RREQ | I118: PIPE HANDL | J118: Rig Repair - Pipe Handling. | K118: 1.0002778 | N118: =IFERROR(INDEX(Table2[Campaign], MATCH(tab_NPT[[#This Row],[Well Name]], Table2[Well Name Actual], 0)), "")
B119: 120 | C119: DRJ-37 | D119: Drill and Complete | E119: DHF01 | F119: 40248.188 | G119: 40248.333 | H119: EQP | I119: BHA | J119: Equipment - BHA. Includes adjustable gauge stabilizers, excludes motors, MWD, bits, reamers. | K119: 3.5002778 | N119: =IFERROR(INDEX(Table2[Campaign], MATCH(tab_NPT[[#This Row],[Well Name]], Table2[Well Name Actual], 0)), "")
B120: 121 | C120: DRJ-37 | D120: Well Services | E120: 6 | F120: 43461 | G120: 43461.083 | H120: EQP | I120: BHA | J120: Equipment - BHA. Includes adjustable gauge stabilizers, excludes motors, MWD, bits, reamers. | K120: 2 | L120: Contractor | M120: BHGE | N120: =IFERROR(INDEX(Table2[Campaign], MATCH(tab_NPT[[#This Row],[Well Name]], Table2[Well Name Actual], 0)), "")
B121: 122 | C121: DRJ-37 | D121: Drill and Complete | E121: RR09 | F121: 40248.333 | G121: 40248.354 | H121: RREQ | I121: TOP DRIVE | J121: Rig Repair - Top Drive. | K121: 0.49972222 | N121: =IFERROR(INDEX(Table2[Campaign], MATCH(tab_NPT[[#This Row],[Well Name]], Table2[Well Name Actual], 0)), "")
B122: 123 | C122: DRJ-37 | D122: Drill and Complete | E122: DHF01 | F122: 40248.354 | G122: 40248.479 | H122: EQP | I122: BHA | J122: Equipment - BHA. Includes adjustable gauge stabilizers, excludes motors, MWD, bits, reamers. | K122: 3 | N122: =IFERROR(INDEX(Table2[Campaign], MATCH(tab_NPT[[#This Row],[Well Name]], Table2[Well Name Actual], 0)), "")
B123: 124 | C123: DRJ-37 | D123: Drill and Complete | E123: CMT04 | F123: 40251.312 | G123: 40251.458 | H123: WP | I123: CMT JOB | J123: Well Problem - Cement job failure. | K123: 3.5002778 | N123: =IFERROR(INDEX(Table2[Campaign], MATCH(tab_NPT[[#This Row],[Well Name]], Table2[Well Name Actual], 0)), "")
B124: 125 | C124: DRJ-37 | D124: Drill and Complete | E124: RR09 | F124: 40251.458 | G124: 40251.479 | H124: RREQ | I124: TOP DRIVE | J124: Rig Repair - Top Drive. | K124: 0.49972222 | N124: =IFERROR(INDEX(Table2[Campaign], MATCH(tab_NPT[[#This Row],[Well Name]], Table2[Well Name Actual], 0)), "")
B125: 126 | C125: DRJ-37 | D125: Drill and Complete | E125: DHF02 | F125: 40253.292 | G125: 40253.583 | H125: EQP | I125: BIT | J125: Equipment - Bit/Underreamer/Hole Opener. | K125: 7.0002778 | M125: Halliburton Directional Drilling | N125: =IFERROR(INDEX(Table2[Campaign], MATCH(tab_NPT[[#This Row],[Well Name]], Table2[Well Name Actual], 0)), "")
B126: 127 | C126: DRJ-37 | D126: Drill and Complete | E126: SFC18 | F126: 40253.583 | G126: 40253.604 | H126: EQPS | I126: SURFEQP | J126: Equipment- Surface EQ | K126: 0.49972222 | M126: Air Drilling | N126: =IFERROR(INDEX(Table2[Campaign], MATCH(tab_NPT[[#This Row],[Well Name]], Table2[Well Name Actual], 0)), "")
B127: 128 | C127: DRJ-37 | D127: Drill and Complete | E127: RR02 | F127: 40255.375 | G127: 40255.396 | H127: RREQ | I127: CIRSYS | J127: Rig Repair - Circulation System/Mud Pumps. | K127: 0.50027778 | M127: Apexindo Duta Pratama, PT | N127: =IFERROR(INDEX(Table2[Campaign], MATCH(tab_NPT[[#This Row],[Well Name]], Table2[Well Name Actual], 0)), "")
B128: 129 | C128: DRJ-37 | D128: Drill and Complete | E128: DHF02 | F128: 40255.542 | G128: 40255.729 | H128: EQP | I128: BIT | J128: Equipment - Bit/Underreamer/Hole Opener. | K128: 4.5 | N128: =IFERROR(INDEX(Table2[Campaign], MATCH(tab_NPT[[#This Row],[Well Name]], Table2[Well Name Actual], 0)), "")
B129: 130 | C129: DRJ-37 | D129: Drill and Complete | E129: RR09 | F129: 40255.729 | G129: 40255.75 | H129: RREQ | I129: TOP DRIVE | J129: Rig Repair - Top Drive. | K129: 0.5 | M129: Apexindo Duta Pratama, PT | N129: =IFERROR(INDEX(Table2[Campaign], MATCH(tab_NPT[[#This Row],[Well Name]], Table2[Well Name Actual], 0)), "")
B130: 131 | C130: DRJ-37 | D130: Drill and Complete | E130: DHF02 | F130: 40255.75 | G130: 40255.979 | H130: EQP | I130: BIT | J130: Equipment - Bit/Underreamer/Hole Opener. | K130: 5.5 | N130: =IFERROR(INDEX(Table2[Campaign], MATCH(tab_NPT[[#This Row],[Well Name]], Table2[Well Name Actual], 0)), "")
B131: 132 | C131: DRJ-37 | D131: Drill and Complete | E131: RR09 | F131: 40255.979 | G131: 40256 | H131: RREQ | I131: TOP DRIVE | J131: Rig Repair - Top Drive. | K131: 0.5 | M131: Apexindo Duta Pratama, PT | N131: =IFERROR(INDEX(Table2[Campaign], MATCH(tab_NPT[[#This Row],[Well Name]], Table2[Well Name Actual], 0)), "")
B132: 133 | C132: DRJ-37 | D132: Drill and Complete | E132: DHF02 | F132: 40256 | G132: 40256.042 | H132: EQP | I132: BIT | J132: Equipment - Bit/Underreamer/Hole Opener. | K132: 1 | N132: =IFERROR(INDEX(Table2[Campaign], MATCH(tab_NPT[[#This Row],[Well Name]], Table2[Well Name Actual], 0)), "")
B133: 134 | C133: DRJ-37 | D133: Drill and Complete | E133: WBP14 | F133: 40256.042 | G133: 40256.125 | H133: WP | I133: TIGHT HOLE | J133: Well Problem - Tight hole. | K133: 2 | N133: =IFERROR(INDEX(Table2[Campaign], MATCH(tab_NPT[[#This Row],[Well Name]], Table2[Well Name Actual], 0)), "")
B134: 135 | C134: DRJ-37 | D134: Drill and Complete | E134: DHF02 | F134: 40256.958 | G134: 40257.375 | H134: EQP | I134: BIT | J134: Equipment - Bit/Underreamer/Hole Opener. | K134: 9.9997222 | N134: =IFERROR(INDEX(Table2[Campaign], MATCH(tab_NPT[[#This Row],[Well Name]], Table2[Well Name Actual], 0)), "")
B135: 136 | C135: DRJ-37 | D135: Drill and Complete | E135: SP08 | F135: 40258.146 | G135: 40258.208 | H135: SP | I135: HOLE CLEAN | J135: Stuck Pipe - Poor hole cleaning. | K135: 1.5 | N135: =IFERROR(INDEX(Table2[Campaign], MATCH(tab_NPT[[#This Row],[Well Name]], Table2[Well Name Actual], 0)), "")
B136: 137 | C136: DRJ-37 | D136: Drill and Complete | E136: WBP05 | F136: 40258.354 | G136: 40258.375 | H136: WP | I136: LOST CIR | J136: Well Problem- loss Circulation | K136: 0.5 | N136: =IFERROR(INDEX(Table2[Campaign], MATCH(tab_NPT[[#This Row],[Well Name]], Table2[Well Name Actual], 0)), "")
B137: 138 | C137: DRJ-37 | D137: Drill and Complete | E137: DHF01 | F137: 40258.688 | G137: 40259.25 | H137: EQP | I137: BHA | J137: Equipment - BHA. Includes adjustable gauge stabilizers, excludes motors, MWD, bits, reamers. | K137: 13.5 | N137: =IFERROR(INDEX(Table2[Campaign], MATCH(tab_NPT[[#This Row],[Well Name]], Table2[Well Name Actual], 0)), "")
B138: 139 | C138: DRJ-37 | D138: Drill and Complete | E138: F06 | F138: 40259.312 | G138: 40259.396 | H138: PR | I138: FL CONDT | J138: Process - Fluid Conditioning. Properties, underbalance, barite, gas. | K138: 2.0002778 | N138: =IFERROR(INDEX(Table2[Campaign], MATCH(tab_NPT[[#This Row],[Well Name]], Table2[Well Name Actual], 0)), "")
B139: 140 | C139: DRJ-37 | D139: Drill and Complete | E139: SP08 | F139: 40259.521 | G139: 40259.562 | H139: SP | I139: HOLE CLEAN | J139: Stuck Pipe - Poor hole cleaning. | K139: 0.99972222 | N139: =IFERROR(INDEX(Table2[Campaign], MATCH(tab_NPT[[#This Row],[Well Name]], Table2[Well Name Actual], 0)), "")
B140: 141 | C140: DRJ-37 | D140: Drill and Complete | E140: WBP14 | F140: 40259.979 | G140: 40260.042 | H140: WP | I140: TIGHT HOLE | J140: Well Problem - Tight hole. | K140: 1.5 | N140: =IFERROR(INDEX(Table2[Campaign], MATCH(tab_NPT[[#This Row],[Well Name]], Table2[Well Name Actual], 0)), "")
B141: 142 | C141: DRJ-37 | D141: Drill and Complete | E141: SFC07 | F141: 40261.229 | G141: 40261.333 | H141: EQPS | I141: CSG HAN | J141: Equipment - Surface Casing Handling. | K141: 2.5002778 | N141: =IFERROR(INDEX(Table2[Campaign], MATCH(tab_NPT[[#This Row],[Well Name]], Table2[Well Name Actual], 0)), "")
B142: 144 | C142: DRJ-37 | D142: Drill and Complete | E142: WBP14 | F142: 40262.646 | G142: 40263.083 | H142: WP | I142: TIGHT HOLE | J142: Well Problem - Tight hole. | K142: 10.5 | N142: =IFERROR(INDEX(Table2[Campaign], MATCH(tab_NPT[[#This Row],[Well Name]], Table2[Well Name Actual], 0)), "")
B143: 145 | C143: DRJ-37 | D143: Drill and Complete | E143: F06 | F143: 40263.083 | G143: 40263.125 | H143: PR | I143: FL CONDT | J143: Process - Fluid Conditioning. Properties, underbalance, barite, gas. | K143: 0.99972222 | N143: =IFERROR(INDEX(Table2[Campaign], MATCH(tab_NPT[[#This Row],[Well Name]], Table2[Well Name Actual], 0)), "")
... B150: 152 | C150: DRJ-37 | D150: Drill and Complete | E150: WBP14 | F150: 40265.542 | G150: 40266.104 | H150: WP | I150: TIGHT HOLE | J150: Well Problem - Tight hole. | K150: 13.5 | N150: =IFERROR(INDEX(Table2[Campaign], MATCH(tab_NPT[[#This Row],[Well Name]], Table2[Well Name Actual], 0)), "")
B151: 153 | C151: DRJ-38 | D151: Drill and Complete | E151: 1 | F151: 40448.271 | G151: 40448.833 | H151: WO | I151: SUPPLIES | J151: Wait On - Supplies. | K151: 13.5 | L151: Operator | N151: =IFERROR(INDEX(Table2[Campaign], MATCH(tab_NPT[[#This Row],[Well Name]], Table2[Well Name Actual], 0)), "")
B152: 154 | C152: DRJ-38 | D152: Well Services | E152: 1 | F152: 43453.583 | G152: 43453.708 | H152: WO | I152: TRANSPORT | J152: Wait On - Transport/Logistics. | K152: 3 | L152: Contractor | M152: BJ Services Indonesia, PT | N152: =IFERROR(INDEX(Table2[Campaign], MATCH(tab_NPT[[#This Row],[Well Name]], Table2[Well Name Actual], 0)), "")
B153: 155 | C153: DRJ-38RD | D153: Sidetrack | E153: 1 | F153: 44597.521 | G153: 44601.333 | H153: FISH | I153: FISH ALL CH | J153: Fishing - Cased hole operations. | K153: 91.5 | L153: Operator | M153: Star Energy | N153: =IFERROR(INDEX(Table2[Campaign], MATCH(tab_NPT[[#This Row],[Well Name]], Table2[Well Name Actual], 0)), "") -> DRJ - 2022
B154: 157 | C154: DRJ-38RD | D154: Sidetrack | E154: 2 | F154: 44601.333 | G154: 44601.354 | H154: EQP | I154: WHPSTK | J154: Equipment - Whipstock. Running/setting/retrieval. | K154: 0.5 | L154: Contractor | M154: Schlumberger | N154: =IFERROR(INDEX(Table2[Campaign], MATCH(tab_NPT[[#This Row],[Well Name]], Table2[Well Name Actual], 0)), "") -> DRJ - 2022
B155: 158 | C155: DRJ-38 | D155: Drill and Complete | E155: 3 | F155: 40453.229 | G155: 40453.312 | H155: EQP | I155: PLUG | J155: Equipment - Plug. Includes retrievable/drillable. | K155: 2 | N155: =IFERROR(INDEX(Table2[Campaign], MATCH(tab_NPT[[#This Row],[Well Name]], Table2[Well Name Actual], 0)), "")
B156: 159 | C156: DRJ-38RD | D156: Sidetrack | E156: 3 | F156: 44601.354 | G156: 44601.729 | H156: FISH | I156: FISH ALL CH | J156: Fishing - Cased hole operations. | K156: 9 | L156: Operator | M156: Star Energy | N156: =IFERROR(INDEX(Table2[Campaign], MATCH(tab_NPT[[#This Row],[Well Name]], Table2[Well Name Actual], 0)), "") -> DRJ - 2022
B157: 160 | C157: DRJ-38 | D157: Drill and Complete | E157: 4 | F157: 40453.688 | G157: 40453.771 | H157: RREQ | I157: DIVERTER | J157: Rig Repair - Diverter. | K157: 2 | N157: =IFERROR(INDEX(Table2[Campaign], MATCH(tab_NPT[[#This Row],[Well Name]], Table2[Well Name Actual], 0)), "")
B158: 161 | C158: DRJ-38RD | D158: Sidetrack | E158: 4 | F158: 44610.094 | G158: 44610.104 | H158: RREQ | I158: POWER | J158: Rig Repair - Power System. | K158: 0.25 | L158: Contractor | M158: PT. DATI | N158: =IFERROR(INDEX(Table2[Campaign], MATCH(tab_NPT[[#This Row],[Well Name]], Table2[Well Name Actual], 0)), "") -> DRJ - 2022
B159: 162 | C159: DRJ-38 | D159: Drill and Complete | E159: 5 | F159: 40459.5 | G159: 40459.562 | H159: EQP | I159: LOG TOOL | J159: Equipment - Logging Tools. Excludes MWD/LWD. | K159: 1.5 | N159: =IFERROR(INDEX(Table2[Campaign], MATCH(tab_NPT[[#This Row],[Well Name]], Table2[Well Name Actual], 0)), "")
B160: 163 | C160: DRJ-38RD | D160: Sidetrack | E160: 5 | F160: 44603.458 | G160: 44604.771 | H160: EQP | I160: WIN | J160: Equipment - Whipstock/Window Milling. | K160: 31.5 | L160: Contractor | M160: WIS (Wellbore Integrity Solution) | N160: =IFERROR(INDEX(Table2[Campaign], MATCH(tab_NPT[[#This Row],[Well Name]], Table2[Well Name Actual], 0)), "") -> DRJ - 2022
B161: 165 | C161: DRJ-38RD | D161: Sidetrack | E161: 6 | F161: 44616.552 | G161: 44616.708 | H161: EQP | I161: JWLRY | J161: Equipment - Completion Jewelry. Initial installation only. | K161: 3.75 | L161: Contractor | M161: Schlumberger | N161: =IFERROR(INDEX(Table2[Campaign], MATCH(tab_NPT[[#This Row],[Well Name]], Table2[Well Name Actual], 0)), "") -> DRJ - 2022
B162: 167 | C162: DRJ-38RD | D162: Sidetrack | E162: 7 | F162: 44620.854 | G162: 44621.198 | H162: EQP | I162: JWLRY | J162: Equipment - Completion Jewelry. Initial installation only. | K162: 8.25 | L162: Contractor | M162: Schlumberger | N162: =IFERROR(INDEX(Table2[Campaign], MATCH(tab_NPT[[#This Row],[Well Name]], Table2[Well Name Actual], 0)), "") -> DRJ - 2022
B163: 168 | C163: DRJ-38 | D163: Drill and Complete | E163: 8 | F163: 40463.042 | G163: 40463.125 | H163: WO | I163: HES ALARM | J163: Wait On - HSE Alarms. | K163: 2 | L163: Operator | N163: =IFERROR(INDEX(Table2[Campaign], MATCH(tab_NPT[[#This Row],[Well Name]], Table2[Well Name Actual], 0)), "")
B164: 169 | C164: DRJ-38RD | D164: Sidetrack | E164: 8 | F164: 44621.802 | G164: 44621.812 | H164: EQP | I164: DS WS | J164: Equipment - Drillpipe/Workstring. | K164: 0.25 | L164: Contractor | M164: PT. DATI | N164: =IFERROR(INDEX(Table2[Campaign], MATCH(tab_NPT[[#This Row],[Well Name]], Table2[Well Name Actual], 0)), "") -> DRJ - 2022
B165: 170 | C165: DRJ-38 | D165: Drill and Complete | E165: 9 | F165: 40463.146 | G165: 40463.167 | H165: WO | I165: HES ALARM | J165: Wait On - HSE Alarms. | K165: 0.5 | L165: Operator | N165: =IFERROR(INDEX(Table2[Campaign], MATCH(tab_NPT[[#This Row],[Well Name]], Table2[Well Name Actual], 0)), "")
B166: 171 | C166: DRJ-38RD | D166: Sidetrack | E166: 9 | F166: 44622.354 | G166: 44622.385 | H166: RREQ | I166: TOP DRIVE | J166: Rig Repair - Top Drive. | K166: 0.75 | L166: Contractor | M166: PT. DATI | N166: =IFERROR(INDEX(Table2[Campaign], MATCH(tab_NPT[[#This Row],[Well Name]], Table2[Well Name Actual], 0)), "") -> DRJ - 2022
B167: 172 | C167: DRJ-38 | D167: Drill and Complete | E167: 10 | F167: 40463.229 | G167: 40463.25 | H167: WO | I167: HES ALARM | J167: Wait On - HSE Alarms. | K167: 0.5 | L167: Operator | N167: =IFERROR(INDEX(Table2[Campaign], MATCH(tab_NPT[[#This Row],[Well Name]], Table2[Well Name Actual], 0)), "")
B168: 173 | C168: DRJ-38 | D168: Drill and Complete | E168: 11 | F168: 40463.521 | G168: 40467.75 | H168: SP | I168: STUCK | J168: Stuck Pipe - Unknown cause. | K168: 101.5 | L168: Rig Contractor | M168: Apexindo Duta Pratama, PT | N168: =IFERROR(INDEX(Table2[Campaign], MATCH(tab_NPT[[#This Row],[Well Name]], Table2[Well Name Actual], 0)), "")
B169: 174 | C169: DRJ-38 | D169: Drill and Complete | E169: 12 | F169: 40463.521 | G169: 40463.542 | H169: RREQ | I169: TOP DRIVE | J169: Rig Repair - Top Drive. | K169: 0.5 | L169: Rig Contractor | M169: Apexindo Duta Pratama, PT | N169: =IFERROR(INDEX(Table2[Campaign], MATCH(tab_NPT[[#This Row],[Well Name]], Table2[Well Name Actual], 0)), "")
B170: 175 | C170: DRJ-38 | D170: Drill and Complete | E170: 13 | F170: 40468.167 | G170: 40468.188 | H170: RREQ | I170: DW HOIST | J170: Rig Repair - Drawworks/Hoisting. | K170: 0.5 | L170: Rig Contractor | M170: Apexindo Duta Pratama, PT | N170: =IFERROR(INDEX(Table2[Campaign], MATCH(tab_NPT[[#This Row],[Well Name]], Table2[Well Name Actual], 0)), "")
B171: 176 | C171: DRJ-38 | D171: Drill and Complete | E171: 14 | F171: 40468.833 | G171: 40469.021 | H171: SP | I171: HOLE CLEAN | J171: Stuck Pipe - Poor hole cleaning. | K171: 4.5 | L171: Operator | N171: =IFERROR(INDEX(Table2[Campaign], MATCH(tab_NPT[[#This Row],[Well Name]], Table2[Well Name Actual], 0)), "")
B172: 177 | C172: DRJ-38 | D172: Drill and Complete | E172: 15 | F172: 40469.167 | G172: 40469.188 | H172: SP | I172: HOLE CLEAN | J172: Stuck Pipe - Poor hole cleaning. | K172: 0.5 | L172: Operator | N172: =IFERROR(INDEX(Table2[Campaign], MATCH(tab_NPT[[#This Row],[Well Name]], Table2[Well Name Actual], 0)), "")
B173: 178 | C173: DRJ-44OH | D173: Drill and Complete | E173: 1 | F173: 43644.854 | G173: 43644.896 | H173: WP | I173: TIGHT HOLE | J173: Well Problem - Tight hole. | K173: 1 | L173: Operator | M173: Star Energy | N173: =IFERROR(INDEX(Table2[Campaign], MATCH(tab_NPT[[#This Row],[Well Name]], Table2[Well Name Actual], 0)), "")
B174: 179 | C174: DRJ-44OH | D174: Drill and Complete | E174: 2 | F174: 43648.188 | G174: 43648.292 | H174: EQP | I174: SC | J174: Equipment - Sand Control. | K174: 25 | L174: Operator's Other Contractors | M174: MI Swaco | N174: =IFERROR(INDEX(Table2[Campaign], MATCH(tab_NPT[[#This Row],[Well Name]], Table2[Well Name Actual], 0)), "")
B175: 181 | C175: DRJ-44OH | D175: Drill and Complete | E175: 4 | F175: 43652.115 | G175: 43655.208 | H175: EQP | I175: BHA | J175: Equipment - BHA. Includes adjustable gauge stabilizers, excludes motors, MWD, bits, reamers. | K175: 74.25 | L175: Contractor | M175: Schlumberger Anadrill | N175: =IFERROR(INDEX(Table2[Campaign], MATCH(tab_NPT[[#This Row],[Well Name]], Table2[Well Name Actual], 0)), "")
B176: 182 | C176: DRJ-44OH | D176: Drill and Complete | E176: 5 | F176: 43675.646 | G176: 43676.333 | H176: EQP | I176: LOG TOOL | J176: Equipment - Logging Tools. Excludes MWD/LWD. | K176: 16.5 | L176: Operator's Other Contractors | M176: SABS | N176: =IFERROR(INDEX(Table2[Campaign], MATCH(tab_NPT[[#This Row],[Well Name]], Table2[Well Name Actual], 0)), "")
B177: 183 | C177: DRJ-45OH | D177: Drill and Complete | E177: 1 | F177: 43694.208 | G177: 43695.542 | H177: EQPS | I177: EQPS | J177: Equipment- Surface EQ | K177: 32 | L177: Rig Contractor | M177: PT. DATI | N177: =IFERROR(INDEX(Table2[Campaign], MATCH(tab_NPT[[#This Row],[Well Name]], Table2[Well Name Actual], 0)), "")
B178: 184 | C178: DRJ-45OH | D178: Drill and Complete | E178: 2 | F178: 43710.75 | G178: 43710.771 | H178: EQPS | I178: EQPS | J178: Equipment- Surface EQ | K178: 0.5 | L178: Contractor | M178: Dowell Anadrill Schlumberger, PT - Cementing | N178: =IFERROR(INDEX(Table2[Campaign], MATCH(tab_NPT[[#This Row],[Well Name]], Table2[Well Name Actual], 0)), "")
B179: 185 | C179: DRJ-45OH | D179: Drill and Complete | E179: 3 | F179: 43712.688 | G179: 43713.625 | H179: EQPS | I179: EQPS | J179: Equipment- Surface EQ | K179: 22.5 | L179: Contractor | M179: Schlumberger Anadrill | N179: =IFERROR(INDEX(Table2[Campaign], MATCH(tab_NPT[[#This Row],[Well Name]], Table2[Well Name Actual], 0)), "")
B180: 186 | C180: DRJ-45OH | D180: Drill and Complete | E180: 4 | F180: 43726.833 | G180: 43726.979 | H180: EQPS | I180: EQPS | J180: Equipment- Surface EQ | K180: 3.5 | L180: Operator | M180: Star Energy | N180: =IFERROR(INDEX(Table2[Campaign], MATCH(tab_NPT[[#This Row],[Well Name]], Table2[Well Name Actual], 0)), "")
B181: 187 | C181: DRJ-46OH | D181: Drill and Complete | E181: 1 | F181: 43778.938 | G181: 43779.021 | H181: RREQ | I181: DW HOIST | J181: Rig Repair - Drawworks/Hoisting. | K181: 2 | L181: Rig Contractor | M181: PT. DATI | N181: =IFERROR(INDEX(Table2[Campaign], MATCH(tab_NPT[[#This Row],[Well Name]], Table2[Well Name Actual], 0)), "")
B182: 188 | C182: DRJ-46OH | D182: Drill and Complete | E182: 2 | F182: 43787.75 | G182: 43787.771 | H182: WP | I182: TORQ | J182: Well Problem - Excessive torque. | K182: 0.5 | L182: Operator | M182: Star Energy | N182: =IFERROR(INDEX(Table2[Campaign], MATCH(tab_NPT[[#This Row],[Well Name]], Table2[Well Name Actual], 0)), "")
B183: 189 | C183: DRJ-46OH | D183: Drill and Complete | E183: 3 | F183: 43787.771 | G183: 43787.854 | H183: RREQ | I183: TOP DRIVE | J183: Rig Repair - Top Drive. | K183: 2 | L183: Rig Contractor | M183: PT. DATI | N183: =IFERROR(INDEX(Table2[Campaign], MATCH(tab_NPT[[#This Row],[Well Name]], Table2[Well Name Actual], 0)), "")
B184: 190 | C184: DRJ-46OH | D184: Drill and Complete | E184: 4 | F184: 43787.854 | G184: 43787.875 | H184: RREQ | I184: ROT | J184: Rig Repair - Rotary Equipment. | K184: 0.5 | L184: Rig Contractor | M184: PT. DATI | N184: =IFERROR(INDEX(Table2[Campaign], MATCH(tab_NPT[[#This Row],[Well Name]], Table2[Well Name Actual], 0)), "")
... B191: 198 | C191: DRJ-47OH | D191: Drill and Complete | E191: 4 | F191: 43844.854 | G191: 43845.438 | H191: RREQ | I191: DW HOIST | J191: Rig Repair - Drawworks/Hoisting. | K191: 14 | L191: Rig Contractor | M191: PT. DATI | N191: =IFERROR(INDEX(Table2[Campaign], MATCH(tab_NPT[[#This Row],[Well Name]], Table2[Well Name Actual], 0)), "")
B192: 199 | C192: DRJ-47OH | D192: Drill and Complete | E192: 5 | F192: 43858.542 | G192: 43859.854 | H192: RREQ | J192: Rig Equipment | K192: 31.5 | L192: Operator | M192: Star Energy | N192: =IFERROR(INDEX(Table2[Campaign], MATCH(tab_NPT[[#This Row],[Well Name]], Table2[Well Name Actual], 0)), "")
B193: 200 | C193: DRJ-48 | D193: Drill and Complete | E193: 1 | F193: 43877.146 | G193: 43877.198 | H193: EQP | I193: BHA | J193: Equipment - BHA. Includes adjustable gauge stabilizers, excludes motors, MWD, bits, reamers. | K193: 1.25 | L193: Sub-Contractor | M193: Schlumberger Anadrill | N193: =IFERROR(INDEX(Table2[Campaign], MATCH(tab_NPT[[#This Row],[Well Name]], Table2[Well Name Actual], 0)), "") -> DRJ - 2019
B194: 201 | C194: DRJ-48 | D194: Drill and Complete | E194: 2 | F194: 43877.198 | G194: 43877.25 | H194: EQP | I194: BHA | J194: Equipment - BHA. Includes adjustable gauge stabilizers, excludes motors, MWD, bits, reamers. | K194: 1.25 | L194: Rig Contractor | M194: PT. DATI | N194: =IFERROR(INDEX(Table2[Campaign], MATCH(tab_NPT[[#This Row],[Well Name]], Table2[Well Name Actual], 0)), "") -> DRJ - 2019
B195: 202 | C195: DRJ-48 | D195: Drill and Complete | E195: 3 | F195: 43878.5 | G195: 43878.542 | H195: RREQ | I195: TOP DRIVE | J195: Rig Repair - Top Drive. | K195: 1 | L195: Operator | M195: Star Energy | N195: =IFERROR(INDEX(Table2[Campaign], MATCH(tab_NPT[[#This Row],[Well Name]], Table2[Well Name Actual], 0)), "") -> DRJ - 2019
B196: 203 | C196: DRJ-48 | D196: Drill and Complete | E196: 4 | F196: 43880.75 | G196: 43882.083 | H196: WP | I196: FRM INSTAB | J196: Well Problem - Wellbore instability. Unconsolidated formations. | K196: 32 | L196: Operator | M196: Star Energy | N196: =IFERROR(INDEX(Table2[Campaign], MATCH(tab_NPT[[#This Row],[Well Name]], Table2[Well Name Actual], 0)), "") -> DRJ - 2019
B197: 204 | C197: DRJ-48 | D197: Drill and Complete | E197: 5 | F197: 43882.729 | G197: 43882.75 | H197: EQPS | I197: CMT | J197: Equipment - Surface Cement. Use EQP for downhole. | K197: 0.5 | L197: Contractor | M197: Dowell Anadrill Schlumberger, PT - Cementing | N197: =IFERROR(INDEX(Table2[Campaign], MATCH(tab_NPT[[#This Row],[Well Name]], Table2[Well Name Actual], 0)), "") -> DRJ - 2019
B198: 205 | C198: DRJ-49OH | D198: Drill and Complete | E198: 1 | F198: 44626.615 | G198: 44626.698 | H198: EQP | I198: JWLRY | J198: Equipment - Completion Jewelry. Initial installation only. | K198: 2 | L198: Contractor | M198: Schlumberger | N198: =IFERROR(INDEX(Table2[Campaign], MATCH(tab_NPT[[#This Row],[Well Name]], Table2[Well Name Actual], 0)), "")
B199: 206 | C199: DRJ-49OH | D199: Drill and Complete | E199: 2 | F199: 44626.729 | G199: 44626.875 | H199: WO | I199: WATER | J199: Wait On - Water supply. | K199: 3.5 | L199: Operator | M199: Star Energy | N199: =IFERROR(INDEX(Table2[Campaign], MATCH(tab_NPT[[#This Row],[Well Name]], Table2[Well Name Actual], 0)), "")
B200: 207 | C200: DRJ-49OH | D200: Drill and Complete | E200: 3 | F200: 44627.708 | G200: 44627.792 | H200: WP | I200: TIGHT HOLE | J200: Well Problem - Tight hole. | K200: 2 | L200: Operator | M200: Star Energy | N200: =IFERROR(INDEX(Table2[Campaign], MATCH(tab_NPT[[#This Row],[Well Name]], Table2[Well Name Actual], 0)), "")
B201: 208 | C201: DRJ-49OH | D201: Drill and Complete | E201: 4 | F201: 44627.875 | G201: 44627.938 | H201: WP | I201: TIGHT HOLE | J201: Well Problem - Tight hole. | K201: 1.5 | L201: Operator | M201: Star Energy | N201: =IFERROR(INDEX(Table2[Campaign], MATCH(tab_NPT[[#This Row],[Well Name]], Table2[Well Name Actual], 0)), "")
...

Sheet Check.Total
A3: Row Labels | B3: Sum of Actual Cost USD
A4: DRJ - 2019 | B4: 42003384
A5: DRJ - 2022 | B5: 30669525
A6: DRJ - 2024 | B6: 37367110
A7: SLK - 2021 | B7: 28051248
A8: SLK - 2025 | B8: 38522326
A9: WW - 2018 | B9: 26987000
A10: WW - 2021 | B10: 27074998
A11: Grand Total | B11: 2.3067559e+08

Sheet Drill.Depth.Days
B2: # | C2: Well Name (WellView Version) | D2: Job Category | E2: Report Number | F2: Depth End (MD) | G2: Cum Time Log Days_WV | H2: Depth Progress | I2: Net Depth Progress_WV ft | J2: Report Start Date | K2: Report End Date | L2: Phase | M2: Campaign | N2: dZ ft | O2: dT days | P2: dT flat time days | Q2: Year Start Date | R2: Year Start Label | U2: Well Name | X2: Campaign | Y2: Well Name (WellView Version)
B3: 1 | C3: AWI 8-3 | D3: Drill and Complete | E3: 1 | F3: 0 | G3: 1 | J3: 34042 | K3: 34043 | M3: =IFERROR(INDEX(Table2[Campaign], MATCH(Table4[[#This Row],[Well Name (WellView Version)]], Table2[Well Name Actual], 0)), "A_Others") -> A_Others | N3: =IF(Table4[[#This Row],[Report Number]]=_xlfn.MINIFS(Table4[Report Number], Table4[Well Name (WellView Version)], Table4[[#This Row],[Well Name (WellView Version)]]), Table4[[#This Row],[Depth End (MD)]], Table4[[#This Row],[Depth End (MD)]]-F2) -> 0 | O3: =IF(Table4[[#This Row],[Report Number]]=_xlfn.MINIFS(Table4[Report Number], Table4[Well Name (WellView Version)], Table4[[#This Row],[Well Name (WellView Version)]]), Table4[[#This Row],[Cum Time Log Days_WV]], Table4[[#This Row],[Cum Time Log Days_WV]]-G2) -> 1 | P3: =(Table4[[#This Row],[dZ ft]]<=50)*Table4[[#This Row],[dT days]] -> 1 | Q3: =YEAR(Table4[[#This Row],[Report Start Date]]) -> 1993 | R3: =Table4[[#This Row],[Year Start Date]] -> 1993 | U3: {=_xlfn.UNIQUE(_xlfn._xlws.SORT(Table4[Well Name (WellView Version)]))} -> AWI 10-4 | X3: DRJ - 2019 | Y3: DRJ-44
B4: 2 | C4: AWI 8-3 | D4: Drill and Complete | E4: 2 | F4: 0 | G4: 2 | J4: 34043 | K4: 34044 | M4: =IFERROR(INDEX(Table2[Campaign], MATCH(Table4[[#This Row],[Well Name (WellView Version)]], Table2[Well Name Actual], 0)), "A_Others") -> A_Others | N4: =IF(Table4[[#This Row],[Report Number]]=_xlfn.MINIFS(Table4[Report Number], Table4[Well Name (WellView Version)], Table4[[#This Row],[Well Name (WellView Version)]]), Table4[[#This Row],[Depth End (MD)]], Table4[[#This Row],[Depth End (MD)]]-F3) -> 0 | O4: =IF(Table4[[#This Row],[Report Number]]=_xlfn.MINIFS(Table4[Report Number], Table4[Well Name (WellView Version)], Table4[[#This Row],[Well Name (WellView Version)]]), Table4[[#This Row],[Cum Time Log Days_WV]], Table4[[#This Row],[Cum Time Log Days_WV]]-G3) -> 1 | P4: =(Table4[[#This Row],[dZ ft]]<=50)*Table4[[#This Row],[dT days]] -> 1 | Q4: =YEAR(Table4[[#This Row],[Report Start Date]]) -> 1993 | R4: =Table4[[#This Row],[Year Start Date]] -> 1993 | U4: AWI 16-8 | X4: DRJ - 2019 | Y4: DRJ-45
B5: 3 | C5: AWI 8-3 | D5: Drill and Complete | E5: 3 | F5: 0 | G5: 3 | J5: 34044 | K5: 34045 | M5: =IFERROR(INDEX(Table2[Campaign], MATCH(Table4[[#This Row],[Well Name (WellView Version)]], Table2[Well Name Actual], 0)), "A_Others") -> A_Others | N5: =IF(Table4[[#This Row],[Report Number]]=_xlfn.MINIFS(Table4[Report Number], Table4[Well Name (WellView Version)], Table4[[#This Row],[Well Name (WellView Version)]]), Table4[[#This Row],[Depth End (MD)]], Table4[[#This Row],[Depth End (MD)]]-F4) -> 0 | O5: =IF(Table4[[#This Row],[Report Number]]=_xlfn.MINIFS(Table4[Report Number], Table4[Well Name (WellView Version)], Table4[[#This Row],[Well Name (WellView Version)]]), Table4[[#This Row],[Cum Time Log Days_WV]], Table4[[#This Row],[Cum Time Log Days_WV]]-G4) -> 1 | P5: =(Table4[[#This Row],[dZ ft]]<=50)*Table4[[#This Row],[dT days]] -> 1 | Q5: =YEAR(Table4[[#This Row],[Report Start Date]]) -> 1993 | R5: =Table4[[#This Row],[Year Start Date]] -> 1993 | U5: AWI 16-9 | X5: DRJ - 2019 | Y5: DRJ-46
B6: 4 | C6: AWI 8-3 | D6: Drill and Complete | E6: 4 | F6: 0 | G6: 4 | J6: 34045 | K6: 34046 | L6: MOB, RU | M6: =IFERROR(INDEX(Table2[Campaign], MATCH(Table4[[#This Row],[Well Name (WellView Version)]], Table2[Well Name Actual], 0)), "A_Others") -> A_Others | N6: =IF(Table4[[#This Row],[Report Number]]=_xlfn.MINIFS(Table4[Report Number], Table4[Well Name (WellView Version)], Table4[[#This Row],[Well Name (WellView Version)]]), Table4[[#This Row],[Depth End (MD)]], Table4[[#This Row],[Depth End (MD)]]-F5) -> 0 | O6: =IF(Table4[[#This Row],[Report Number]]=_xlfn.MINIFS(Table4[Report Number], Table4[Well Name (WellView Version)], Table4[[#This Row],[Well Name (WellView Version)]]), Table4[[#This Row],[Cum Time Log Days_WV]], Table4[[#This Row],[Cum Time Log Days_WV]]-G5) -> 1 | P6: =(Table4[[#This Row],[dZ ft]]<=50)*Table4[[#This Row],[dT days]] -> 1 | Q6: =YEAR(Table4[[#This Row],[Report Start Date]]) -> 1993 | R6: =Table4[[#This Row],[Year Start Date]] -> 1993 | U6: AWI 21-5 | X6: DRJ - 2019 | Y6: DRJ-47
B7: 5 | C7: AWI 8-3 | D7: Drill and Complete | E7: 5 | F7: 0 | G7: 5 | J7: 34046 | K7: 34047 | L7: MOB, RU | M7: =IFERROR(INDEX(Table2[Campaign], MATCH(Table4[[#This Row],[Well Name (WellView Version)]], Table2[Well Name Actual], 0)), "A_Others") -> A_Others | N7: =IF(Table4[[#This Row],[Report Number]]=_xlfn.MINIFS(Table4[Report Number], Table4[Well Name (WellView Version)], Table4[[#This Row],[Well Name (WellView Version)]]), Table4[[#This Row],[Depth End (MD)]], Table4[[#This Row],[Depth End (MD)]]-F6) -> 0 | O7: =IF(Table4[[#This Row],[Report Number]]=_xlfn.MINIFS(Table4[Report Number], Table4[Well Name (WellView Version)], Table4[[#This Row],[Well Name (WellView Version)]]), Table4[[#This Row],[Cum Time Log Days_WV]], Table4[[#This Row],[Cum Time Log Days_WV]]-G6) -> 1 | P7: =(Table4[[#This Row],[dZ ft]]<=50)*Table4[[#This Row],[dT days]] -> 1 | Q7: =YEAR(Table4[[#This Row],[Report Start Date]]) -> 1993 | R7: =Table4[[#This Row],[Year Start Date]] -> 1993 | U7: AWI 21-6 | X7: DRJ - 2019 | Y7: DRJ-48
B8: 6 | C8: AWI 8-3 | D8: Drill and Complete | E8: 6 | F8: 0 | G8: 6 | J8: 34047 | K8: 34048 | L8: MOB, RU | M8: =IFERROR(INDEX(Table2[Campaign], MATCH(Table4[[#This Row],[Well Name (WellView Version)]], Table2[Well Name Actual], 0)), "A_Others") -> A_Others | N8: =IF(Table4[[#This Row],[Report Number]]=_xlfn.MINIFS(Table4[Report Number], Table4[Well Name (WellView Version)], Table4[[#This Row],[Well Name (WellView Version)]]), Table4[[#This Row],[Depth End (MD)]], Table4[[#This Row],[Depth End (MD)]]-F7) -> 0 | O8: =IF(Table4[[#This Row],[Report Number]]=_xlfn.MINIFS(Table4[Report Number], Table4[Well Name (WellView Version)], Table4[[#This Row],[Well Name (WellView Version)]]), Table4[[#This Row],[Cum Time Log Days_WV]], Table4[[#This Row],[Cum Time Log Days_WV]]-G7) -> 1 | P8: =(Table4[[#This Row],[dZ ft]]<=50)*Table4[[#This Row],[dT days]] -> 1 | Q8: =YEAR(Table4[[#This Row],[Report Start Date]]) -> 1993 | R8: =Table4[[#This Row],[Year Start Date]] -> 1993 | U8: AWI 21-7 | X8: DRJ - 2022 | Y8: DRJ-38RD
B9: 7 | C9: AWI 8-3 | D9: Drill and Complete | E9: 7 | F9: 56 | G9: 7 | H9: 11 | I9: 11 | J9: 34048 | K9: 34049 | L9: MOB, RU | M9: =IFERROR(INDEX(Table2[Campaign], MATCH(Table4[[#This Row],[Well Name (WellView Version)]], Table2[Well Name Actual], 0)), "A_Others") -> A_Others | N9: =IF(Table4[[#This Row],[Report Number]]=_xlfn.MINIFS(Table4[Report Number], Table4[Well Name (WellView Version)], Table4[[#This Row],[Well Name (WellView Version)]]), Table4[[#This Row],[Depth End (MD)]], Table4[[#This Row],[Depth End (MD)]]-F8) -> 56 | O9: =IF(Table4[[#This Row],[Report Number]]=_xlfn.MINIFS(Table4[Report Number], Table4[Well Name (WellView Version)], Table4[[#This Row],[Well Name (WellView Version)]]), Table4[[#This Row],[Cum Time Log Days_WV]], Table4[[#This Row],[Cum Time Log Days_WV]]-G8) -> 1 | P9: =(Table4[[#This Row],[dZ ft]]<=50)*Table4[[#This Row],[dT days]] -> 0 | Q9: =YEAR(Table4[[#This Row],[Report Start Date]]) -> 1993 | R9: =Table4[[#This Row],[Year Start Date]] -> 1993 | U9: AWI 21-8 | X9: DRJ - 2022 | Y9: DRJ-49
B10: 8 | C10: AWI 8-3 | D10: Drill and Complete | E10: 8 | F10: 56 | G10: 8 | H10: 0 | I10: 0 | J10: 34049 | K10: 34050 | L10: MOB, RU | M10: =IFERROR(INDEX(Table2[Campaign], MATCH(Table4[[#This Row],[Well Name (WellView Version)]], Table2[Well Name Actual], 0)), "A_Others") -> A_Others | N10: =IF(Table4[[#This Row],[Report Number]]=_xlfn.MINIFS(Table4[Report Number], Table4[Well Name (WellView Version)], Table4[[#This Row],[Well Name (WellView Version)]]), Table4[[#This Row],[Depth End (MD)]], Table4[[#This Row],[Depth End (MD)]]-F9) -> 0 | O10: =IF(Table4[[#This Row],[Report Number]]=_xlfn.MINIFS(Table4[Report Number], Table4[Well Name (WellView Version)], Table4[[#This Row],[Well Name (WellView Version)]]), Table4[[#This Row],[Cum Time Log Days_WV]], Table4[[#This Row],[Cum Time Log Days_WV]]-G9) -> 1 | P10: =(Table4[[#This Row],[dZ ft]]<=50)*Table4[[#This Row],[dT days]] -> 1 | Q10: =YEAR(Table4[[#This Row],[Report Start Date]]) -> 1993 | R10: =Table4[[#This Row],[Year Start Date]] -> 1993 | U10: AWI 23-1 | X10: DRJ - 2022 | Y10: DRJ-50
B11: 9 | C11: AWI 8-3 | D11: Drill and Complete | E11: 9 | F11: 56 | G11: 9 | H11: 0 | I11: 0 | J11: 34050 | K11: 34051 | L11: MOB, RU | M11: =IFERROR(INDEX(Table2[Campaign], MATCH(Table4[[#This Row],[Well Name (WellView Version)]], Table2[Well Name Actual], 0)), "A_Others") -> A_Others | N11: =IF(Table4[[#This Row],[Report Number]]=_xlfn.MINIFS(Table4[Report Number], Table4[Well Name (WellView Version)], Table4[[#This Row],[Well Name (WellView Version)]]), Table4[[#This Row],[Depth End (MD)]], Table4[[#This Row],[Depth End (MD)]]-F10) -> 0 | O11: =IF(Table4[[#This Row],[Report Number]]=_xlfn.MINIFS(Table4[Report Number], Table4[Well Name (WellView Version)], Table4[[#This Row],[Well Name (WellView Version)]]), Table4[[#This Row],[Cum Time Log Days_WV]], Table4[[#This Row],[Cum Time Log Days_WV]]-G10) -> 1 | P11: =(Table4[[#This Row],[dZ ft]]<=50)*Table4[[#This Row],[dT days]] -> 1 | Q11: =YEAR(Table4[[#This Row],[Report Start Date]]) -> 1993 | R11: =Table4[[#This Row],[Year Start Date]] -> 1993 | U11: AWI 23-2 | X11: DRJ - 2022 | Y11: DRJ-51
B12: 10 | C12: AWI 8-3 | D12: Drill and Complete | E12: 10 | F12: 400 | G12: 10 | H12: 0 | I12: 0 | J12: 34051 | K12: 34052 | L12: MOB, RU | M12: =IFERROR(INDEX(Table2[Campaign], MATCH(Table4[[#This Row],[Well Name (WellView Version)]], Table2[Well Name Actual], 0)), "A_Others") -> A_Others | N12: =IF(Table4[[#This Row],[Report Number]]=_xlfn.MINIFS(Table4[Report Number], Table4[Well Name (WellView Version)], Table4[[#This Row],[Well Name (WellView Version)]]), Table4[[#This Row],[Depth End (MD)]], Table4[[#This Row],[Depth End (MD)]]-F11) -> 344 | O12: =IF(Table4[[#This Row],[Report Number]]=_xlfn.MINIFS(Table4[Report Number], Table4[Well Name (WellView Version)], Table4[[#This Row],[Well Name (WellView Version)]]), Table4[[#This Row],[Cum Time Log Days_WV]], Table4[[#This Row],[Cum Time Log Days_WV]]-G11) -> 1 | P12: =(Table4[[#This Row],[dZ ft]]<=50)*Table4[[#This Row],[dT days]] -> 0 | Q12: =YEAR(Table4[[#This Row],[Report Start Date]]) -> 1993 | R12: =Table4[[#This Row],[Year Start Date]] -> 1993 | U12: AWI 2-6 | X12: DRJ - 2022 | Y12: DRJ-52
B13: 11 | C13: AWI 8-3 | D13: Drill and Complete | E13: 11 | F13: 400 | G13: 11 | H13: 0 | I13: 0 | J13: 34052 | K13: 34053 | L13: MOB, RU | M13: =IFERROR(INDEX(Table2[Campaign], MATCH(Table4[[#This Row],[Well Name (WellView Version)]], Table2[Well Name Actual], 0)), "A_Others") -> A_Others | N13: =IF(Table4[[#This Row],[Report Number]]=_xlfn.MINIFS(Table4[Report Number], Table4[Well Name (WellView Version)], Table4[[#This Row],[Well Name (WellView Version)]]), Table4[[#This Row],[Depth End (MD)]], Table4[[#This Row],[Depth End (MD)]]-F12) -> 0 | O13: =IF(Table4[[#This Row],[Report Number]]=_xlfn.MINIFS(Table4[Report Number], Table4[Well Name (WellView Version)], Table4[[#This Row],[Well Name (WellView Version)]]), Table4[[#This Row],[Cum Time Log Days_WV]], Table4[[#This Row],[Cum Time Log Days_WV]]-G12) -> 1 | P13: =(Table4[[#This Row],[dZ ft]]<=50)*Table4[[#This Row],[dT days]] -> 1 | Q13: =YEAR(Table4[[#This Row],[Report Start Date]]) -> 1993 | R13: =Table4[[#This Row],[Year Start Date]] -> 1993 | U13: AWI 2-7 ML | X13: DRJ - 2024 | Y13: DRJ-53
B14: 12 | C14: AWI 8-3 | D14: Drill and Complete | E14: 12 | F14: 400 | G14: 12 | H14: 0 | I14: 0 | J14: 34053 | K14: 34054 | L14: MOB, RU | M14: =IFERROR(INDEX(Table2[Campaign], MATCH(Table4[[#This Row],[Well Name (WellView Version)]], Table2[Well Name Actual], 0)), "A_Others") -> A_Others | N14: =IF(Table4[[#This Row],[Report Number]]=_xlfn.MINIFS(Table4[Report Number], Table4[Well Name (WellView Version)], Table4[[#This Row],[Well Name (WellView Version)]]), Table4[[#This Row],[Depth End (MD)]], Table4[[#This Row],[Depth End (MD)]]-F13) -> 0 | O14: =IF(Table4[[#This Row],[Report Number]]=_xlfn.MINIFS(Table4[Report Number], Table4[Well Name (WellView Version)], Table4[[#This Row],[Well Name (WellView Version)]]), Table4[[#This Row],[Cum Time Log Days_WV]], Table4[[#This Row],[Cum Time Log Days_WV]]-G13) -> 1 | P14: =(Table4[[#This Row],[dZ ft]]<=50)*Table4[[#This Row],[dT days]] -> 1 | Q14: =YEAR(Table4[[#This Row],[Report Start Date]]) -> 1993 | R14: =Table4[[#This Row],[Year Start Date]] -> 1993 | U14: AWI 3-9 | X14: DRJ - 2024 | Y14: DRJ-54
B15: 13 | C15: AWI 8-3 | D15: Drill and Complete | E15: 13 | F15: 403 | G15: 13 | H15: 3 | I15: 3 | J15: 34054 | K15: 34055 | L15: MOB, RU | M15: =IFERROR(INDEX(Table2[Campaign], MATCH(Table4[[#This Row],[Well Name (WellView Version)]], Table2[Well Name Actual], 0)), "A_Others") -> A_Others | N15: =IF(Table4[[#This Row],[Report Number]]=_xlfn.MINIFS(Table4[Report Number], Table4[Well Name (WellView Version)], Table4[[#This Row],[Well Name (WellView Version)]]), Table4[[#This Row],[Depth End (MD)]], Table4[[#This Row],[Depth End (MD)]]-F14) -> 3 | O15: =IF(Table4[[#This Row],[Report Number]]=_xlfn.MINIFS(Table4[Report Number], Table4[Well Name (WellView Version)], Table4[[#This Row],[Well Name (WellView Version)]]), Table4[[#This Row],[Cum Time Log Days_WV]], Table4[[#This Row],[Cum Time Log Days_WV]]-G14) -> 1 | P15: =(Table4[[#This Row],[dZ ft]]<=50)*Table4[[#This Row],[dT days]] -> 1 | Q15: =YEAR(Table4[[#This Row],[Report Start Date]]) -> 1993 | R15: =Table4[[#This Row],[Year Start Date]] -> 1993 | U15: AWI 8-3 | X15: DRJ - 2024 | Y15: DRJ-55
B16: 14 | C16: AWI 8-3 | D16: Drill and Complete | E16: 14 | F16: 403 | G16: 14 | H16: 0 | I16: 0 | J16: 34055 | K16: 34056 | L16: COND, CSGCMT | M16: =IFERROR(INDEX(Table2[Campaign], MATCH(Table4[[#This Row],[Well Name (WellView Version)]], Table2[Well Name Actual], 0)), "A_Others") -> A_Others | N16: =IF(Table4[[#This Row],[Report Number]]=_xlfn.MINIFS(Table4[Report Number], Table4[Well Name (WellView Version)], Table4[[#This Row],[Well Name (WellView Version)]]), Table4[[#This Row],[Depth End (MD)]], Table4[[#This Row],[Depth End (MD)]]-F15) -> 0 | O16: =IF(Table4[[#This Row],[Report Number]]=_xlfn.MINIFS(Table4[Report Number], Table4[Well Name (WellView Version)], Table4[[#This Row],[Well Name (WellView Version)]]), Table4[[#This Row],[Cum Time Log Days_WV]], Table4[[#This Row],[Cum Time Log Days_WV]]-G15) -> 1 | P16: =(Table4[[#This Row],[dZ ft]]<=50)*Table4[[#This Row],[dT days]] -> 1 | Q16: =YEAR(Table4[[#This Row],[Report Start Date]]) -> 1993 | R16: =Table4[[#This Row],[Year Start Date]] -> 1993 | U16: AWI 9-10 | X16: DRJ - 2024 | Y16: DRJ-56
B17: 15 | C17: AWI 8-3 | D17: Drill and Complete | E17: 15 | F17: 481 | G17: 15 | H17: 0 | I17: 0 | J17: 34056 | K17: 34057 | L17: COND, CSGCMT | M17: =IFERROR(INDEX(Table2[Campaign], MATCH(Table4[[#This Row],[Well Name (WellView Version)]], Table2[Well Name Actual], 0)), "A_Others") -> A_Others | N17: =IF(Table4[[#This Row],[Report Number]]=_xlfn.MINIFS(Table4[Report Number], Table4[Well Name (WellView Version)], Table4[[#This Row],[Well Name (WellView Version)]]), Table4[[#This Row],[Depth End (MD)]], Table4[[#This Row],[Depth End (MD)]]-F16) -> 78 | O17: =IF(Table4[[#This Row],[Report Number]]=_xlfn.MINIFS(Table4[Report Number], Table4[Well Name (WellView Version)], Table4[[#This Row],[Well Name (WellView Version)]]), Table4[[#This Row],[Cum Time Log Days_WV]], Table4[[#This Row],[Cum Time Log Days_WV]]-G16) -> 1 | P17: =(Table4[[#This Row],[dZ ft]]<=50)*Table4[[#This Row],[dT days]] -> 0 | Q17: =YEAR(Table4[[#This Row],[Report Start Date]]) -> 1993 | R17: =Table4[[#This Row],[Year Start Date]] -> 1993 | U17: AWI 9-11 | X17: DRJ - 2024 | Y17: DRJ-57
B18: 16 | C18: AWI 8-3 | D18: Drill and Complete | E18: 16 | F18: 481 | G18: 16 | H18: 0 | I18: 0 | J18: 34057 | K18: 34058 | L18: COND, CSGCMT | M18: =IFERROR(INDEX(Table2[Campaign], MATCH(Table4[[#This Row],[Well Name (WellView Version)]], Table2[Well Name Actual], 0)), "A_Others") -> A_Others | N18: =IF(Table4[[#This Row],[Report Number]]=_xlfn.MINIFS(Table4[Report Number], Table4[Well Name (WellView Version)], Table4[[#This Row],[Well Name (WellView Version)]]), Table4[[#This Row],[Depth End (MD)]], Table4[[#This Row],[Depth End (MD)]]-F17) -> 0 | O18: =IF(Table4[[#This Row],[Report Number]]=_xlfn.MINIFS(Table4[Report Number], Table4[Well Name (WellView Version)], Table4[[#This Row],[Well Name (WellView Version)]]), Table4[[#This Row],[Cum Time Log Days_WV]], Table4[[#This Row],[Cum Time Log Days_WV]]-G17) -> 1 | P18: =(Table4[[#This Row],[dZ ft]]<=50)*Table4[[#This Row],[dT days]] -> 1 | Q18: =YEAR(Table4[[#This Row],[Report Start Date]]) -> 1993 | R18: =Table4[[#This Row],[Year Start Date]] -> 1993 | U18: DRJ-16 | X18: SLK - 2021 | Y18: AWI 16-8
B19: 17 | C19: AWI 8-3 | D19: Drill and Complete | E19: 17 | F19: 481 | G19: 17 | H19: 0 | I19: 0 | J19: 34058 | K19: 34059 | L19: COND, CSGCMT | M19: =IFERROR(INDEX(Table2[Campaign], MATCH(Table4[[#This Row],[Well Name (WellView Version)]], Table2[Well Name Actual], 0)), "A_Others") -> A_Others | N19: =IF(Table4[[#This Row],[Report Number]]=_xlfn.MINIFS(Table4[Report Number], Table4[Well Name (WellView Version)], Table4[[#This Row],[Well Name (WellView Version)]]), Table4[[#This Row],[Depth End (MD)]], Table4[[#This Row],[Depth End (MD)]]-F18) -> 0 | O19: =IF(Table4[[#This Row],[Report Number]]=_xlfn.MINIFS(Table4[Report Number], Table4[Well Name (WellView Version)], Table4[[#This Row],[Well Name (WellView Version)]]), Table4[[#This Row],[Cum Time Log Days_WV]], Table4[[#This Row],[Cum Time Log Days_WV]]-G18) -> 1 | P19: =(Table4[[#This Row],[dZ ft]]<=50)*Table4[[#This Row],[dT days]] -> 1 | Q19: =YEAR(Table4[[#This Row],[Report Start Date]]) -> 1993 | R19: =Table4[[#This Row],[Year Start Date]] -> 1993 | U19: DRJ-37 | X19: SLK - 2021 | Y19: AWI 16-9
B20: 18 | C20: AWI 8-3 | D20: Drill and Complete | E20: 18 | F20: 481 | G20: 18 | H20: 0 | I20: 0 | J20: 34059 | K20: 34060 | L20: COND, CSGCMT | M20: =IFERROR(INDEX(Table2[Campaign], MATCH(Table4[[#This Row],[Well Name (WellView Version)]], Table2[Well Name Actual], 0)), "A_Others") -> A_Others | N20: =IF(Table4[[#This Row],[Report Number]]=_xlfn.MINIFS(Table4[Report Number], Table4[Well Name (WellView Version)], Table4[[#This Row],[Well Name (WellView Version)]]), Table4[[#This Row],[Depth End (MD)]], Table4[[#This Row],[Depth End (MD)]]-F19) -> 0 | O20: =IF(Table4[[#This Row],[Report Number]]=_xlfn.MINIFS(Table4[Report Number], Table4[Well Name (WellView Version)], Table4[[#This Row],[Well Name (WellView Version)]]), Table4[[#This Row],[Cum Time Log Days_WV]], Table4[[#This Row],[Cum Time Log Days_WV]]-G19) -> 1 | P20: =(Table4[[#This Row],[dZ ft]]<=50)*Table4[[#This Row],[dT days]] -> 1 | Q20: =YEAR(Table4[[#This Row],[Report Start Date]]) -> 1993 | R20: =Table4[[#This Row],[Year Start Date]] -> 1993 | U20: DRJ-38 | X20: SLK - 2021 | Y20: AWI 21-5
... B39: 37 | C39: AWI 8-3 | D39: Drill and Complete | E39: 37 | F39: 1530 | G39: 37 | H39: 0 | I39: 0 | J39: 34078 | K39: 34079 | L39: INTCSG1, CSGCMT | M39: =IFERROR(INDEX(Table2[Campaign], MATCH(Table4[[#This Row],[Well Name (WellView Version)]], Table2[Well Name Actual], 0)), "A_Others") -> A_Others | N39: =IF(Table4[[#This Row],[Report Number]]=_xlfn.MINIFS(Table4[Report Number], Table4[Well Name (WellView Version)], Table4[[#This Row],[Well Name (WellView Version)]]), Table4[[#This Row],[Depth End (MD)]], Table4[[#This Row],[Depth End (MD)]]-F38) -> 0 | O39: =IF(Table4[[#This Row],[Report Number]]=_xlfn.MINIFS(Table4[Report Number], Table4[Well Name (WellView Version)], Table4[[#This Row],[Well Name (WellView Version)]]), Table4[[#This Row],[Cum Time Log Days_WV]], Table4[[#This Row],[Cum Time Log Days_WV]]-G38) -> 1 | P39: =(Table4[[#This Row],[dZ ft]]<=50)*Table4[[#This Row],[dT days]] -> 1 | Q39: =YEAR(Table4[[#This Row],[Report Start Date]]) -> 1993 | R39: =Table4[[#This Row],[Year Start Date]] -> 1993 | U39: MBA-7 | X39: WW - 2021 | Y39: WWA-9
B40: 38 | C40: AWI 8-3 | D40: Drill and Complete | E40: 38 | F40: 1530 | G40: 38 | H40: 0 | I40: 0 | J40: 34079 | K40: 34080 | L40: INTCSG1, CSGCMT | M40: =IFERROR(INDEX(Table2[Campaign], MATCH(Table4[[#This Row],[Well Name (WellView Version)]], Table2[Well Name Actual], 0)), "A_Others") -> A_Others | N40: =IF(Table4[[#This Row],[Report Number]]=_xlfn.MINIFS(Table4[Report Number], Table4[Well Name (WellView Version)], Table4[[#This Row],[Well Name (WellView Version)]]), Table4[[#This Row],[Depth End (MD)]], Table4[[#This Row],[Depth End (MD)]]-F39) -> 0 | O40: =IF(Table4[[#This Row],[Report Number]]=_xlfn.MINIFS(Table4[Report Number], Table4[Well Name (WellView Version)], Table4[[#This Row],[Well Name (WellView Version)]]), Table4[[#This Row],[Cum Time Log Days_WV]], Table4[[#This Row],[Cum Time Log Days_WV]]-G39) -> 1 | P40: =(Table4[[#This Row],[dZ ft]]<=50)*Table4[[#This Row],[dT days]] -> 1 | Q40: =YEAR(Table4[[#This Row],[Report Start Date]]) -> 1993 | R40: =Table4[[#This Row],[Year Start Date]] -> 1993 | U40: MBD-7
B41: 39 | C41: AWI 8-3 | D41: Drill and Complete | E41: 39 | F41: 3723 | G41: 39 | H41: 0 | I41: 0 | J41: 34080 | K41: 34081 | L41: INTCSG1, CSGCMT | M41: =IFERROR(INDEX(Table2[Campaign], MATCH(Table4[[#This Row],[Well Name (WellView Version)]], Table2[Well Name Actual], 0)), "A_Others") -> A_Others | N41: =IF(Table4[[#This Row],[Report Number]]=_xlfn.MINIFS(Table4[Report Number], Table4[Well Name (WellView Version)], Table4[[#This Row],[Well Name (WellView Version)]]), Table4[[#This Row],[Depth End (MD)]], Table4[[#This Row],[Depth End (MD)]]-F40) -> 2193 | O41: =IF(Table4[[#This Row],[Report Number]]=_xlfn.MINIFS(Table4[Report Number], Table4[Well Name (WellView Version)], Table4[[#This Row],[Well Name (WellView Version)]]), Table4[[#This Row],[Cum Time Log Days_WV]], Table4[[#This Row],[Cum Time Log Days_WV]]-G40) -> 1 | P41: =(Table4[[#This Row],[dZ ft]]<=50)*Table4[[#This Row],[dT days]] -> 0 | Q41: =YEAR(Table4[[#This Row],[Report Start Date]]) -> 1993 | R41: =Table4[[#This Row],[Year Start Date]] -> 1993 | U41: MBD-8
B42: 40 | C42: AWI 8-3 | D42: Drill and Complete | E42: 40 | F42: 3723 | G42: 40 | H42: 0 | I42: 0 | J42: 34081 | K42: 34082 | L42: INTCSG1, CSGCMT | M42: =IFERROR(INDEX(Table2[Campaign], MATCH(Table4[[#This Row],[Well Name (WellView Version)]], Table2[Well Name Actual], 0)), "A_Others") -> A_Others | N42: =IF(Table4[[#This Row],[Report Number]]=_xlfn.MINIFS(Table4[Report Number], Table4[Well Name (WellView Version)], Table4[[#This Row],[Well Name (WellView Version)]]), Table4[[#This Row],[Depth End (MD)]], Table4[[#This Row],[Depth End (MD)]]-F41) -> 0 | O42: =IF(Table4[[#This Row],[Report Number]]=_xlfn.MINIFS(Table4[Report Number], Table4[Well Name (WellView Version)], Table4[[#This Row],[Well Name (WellView Version)]]), Table4[[#This Row],[Cum Time Log Days_WV]], Table4[[#This Row],[Cum Time Log Days_WV]]-G41) -> 1 | P42: =(Table4[[#This Row],[dZ ft]]<=50)*Table4[[#This Row],[dT days]] -> 1 | Q42: =YEAR(Table4[[#This Row],[Report Start Date]]) -> 1993 | R42: =Table4[[#This Row],[Year Start Date]] -> 1993 | U42: MBE-6
B43: 41 | C43: AWI 8-3 | D43: Drill and Complete | E43: 41 | F43: 4505 | G43: 41 | H43: 0 | I43: 0 | J43: 34082 | K43: 34083 | L43: DRLGLNR1, CSGCMT | M43: =IFERROR(INDEX(Table2[Campaign], MATCH(Table4[[#This Row],[Well Name (WellView Version)]], Table2[Well Name Actual], 0)), "A_Others") -> A_Others | N43: =IF(Table4[[#This Row],[Report Number]]=_xlfn.MINIFS(Table4[Report Number], Table4[Well Name (WellView Version)], Table4[[#This Row],[Well Name (WellView Version)]]), Table4[[#This Row],[Depth End (MD)]], Table4[[#This Row],[Depth End (MD)]]-F42) -> 782 | O43: =IF(Table4[[#This Row],[Report Number]]=_xlfn.MINIFS(Table4[Report Number], Table4[Well Name (WellView Version)], Table4[[#This Row],[Well Name (WellView Version)]]), Table4[[#This Row],[Cum Time Log Days_WV]], Table4[[#This Row],[Cum Time Log Days_WV]]-G42) -> 1 | P43: =(Table4[[#This Row],[dZ ft]]<=50)*Table4[[#This Row],[dT days]] -> 0 | Q43: =YEAR(Table4[[#This Row],[Report Start Date]]) -> 1993 | R43: =Table4[[#This Row],[Year Start Date]] -> 1993 | U43: MBE-7
B44: 42 | C44: AWI 8-3 | D44: Drill and Complete | E44: 42 | F44: 4505 | G44: 42 | H44: 0 | I44: 0 | J44: 34083 | K44: 34084 | L44: DRLGLNR1, CSGCMT | M44: =IFERROR(INDEX(Table2[Campaign], MATCH(Table4[[#This Row],[Well Name (WellView Version)]], Table2[Well Name Actual], 0)), "A_Others") -> A_Others | N44: =IF(Table4[[#This Row],[Report Number]]=_xlfn.MINIFS(Table4[Report Number], Table4[Well Name (WellView Version)], Table4[[#This Row],[Well Name (WellView Version)]]), Table4[[#This Row],[Depth End (MD)]], Table4[[#This Row],[Depth End (MD)]]-F43) -> 0 | O44: =IF(Table4[[#This Row],[Report Number]]=_xlfn.MINIFS(Table4[Report Number], Table4[Well Name (WellView Version)], Table4[[#This Row],[Well Name (WellView Version)]]), Table4[[#This Row],[Cum Time Log Days_WV]], Table4[[#This Row],[Cum Time Log Days_WV]]-G43) -> 1 | P44: =(Table4[[#This Row],[dZ ft]]<=50)*Table4[[#This Row],[dT days]] -> 1 | Q44: =YEAR(Table4[[#This Row],[Report Start Date]]) -> 1993 | R44: =Table4[[#This Row],[Year Start Date]] -> 1993 | U44: MBI-1
B45: 43 | C45: AWI 8-3 | D45: Drill and Complete | E45: 43 | F45: 4505 | G45: 43 | H45: 0 | I45: 0 | J45: 34084 | K45: 34085 | L45: DRLGLNR1, CSGCMT | M45: =IFERROR(INDEX(Table2[Campaign], MATCH(Table4[[#This Row],[Well Name (WellView Version)]], Table2[Well Name Actual], 0)), "A_Others") -> A_Others | N45: =IF(Table4[[#This Row],[Report Number]]=_xlfn.MINIFS(Table4[Report Number], Table4[Well Name (WellView Version)], Table4[[#This Row],[Well Name (WellView Version)]]), Table4[[#This Row],[Depth End (MD)]], Table4[[#This Row],[Depth End (MD)]]-F44) -> 0 | O45: =IF(Table4[[#This Row],[Report Number]]=_xlfn.MINIFS(Table4[Report Number], Table4[Well Name (WellView Version)], Table4[[#This Row],[Well Name (WellView Version)]]), Table4[[#This Row],[Cum Time Log Days_WV]], Table4[[#This Row],[Cum Time Log Days_WV]]-G44) -> 1 | P45: =(Table4[[#This Row],[dZ ft]]<=50)*Table4[[#This Row],[dT days]] -> 1 | Q45: =YEAR(Table4[[#This Row],[Report Start Date]]) -> 1993 | R45: =Table4[[#This Row],[Year Start Date]] -> 1993 | U45: WWA-8
B46: 44 | C46: AWI 8-3 | D46: Drill and Complete | E46: 44 | F46: 4505 | G46: 44 | H46: 0 | I46: 0 | J46: 34085 | K46: 34086 | L46: DRLGLNR1, CSGCMT | M46: =IFERROR(INDEX(Table2[Campaign], MATCH(Table4[[#This Row],[Well Name (WellView Version)]], Table2[Well Name Actual], 0)), "A_Others") -> A_Others | N46: =IF(Table4[[#This Row],[Report Number]]=_xlfn.MINIFS(Table4[Report Number], Table4[Well Name (WellView Version)], Table4[[#This Row],[Well Name (WellView Version)]]), Table4[[#This Row],[Depth End (MD)]], Table4[[#This Row],[Depth End (MD)]]-F45) -> 0 | O46: =IF(Table4[[#This Row],[Report Number]]=_xlfn.MINIFS(Table4[Report Number], Table4[Well Name (WellView Version)], Table4[[#This Row],[Well Name (WellView Version)]]), Table4[[#This Row],[Cum Time Log Days_WV]], Table4[[#This Row],[Cum Time Log Days_WV]]-G45) -> 1 | P46: =(Table4[[#This Row],[dZ ft]]<=50)*Table4[[#This Row],[dT days]] -> 1 | Q46: =YEAR(Table4[[#This Row],[Report Start Date]]) -> 1993 | R46: =Table4[[#This Row],[Year Start Date]] -> 1993 | U46: WWA-9
B47: 45 | C47: AWI 8-3 | D47: Drill and Complete | E47: 45 | F47: 4505 | G47: 45 | H47: 0 | I47: 0 | J47: 34086 | K47: 34087 | L47: DRLGLNR1, CSGCMT | M47: =IFERROR(INDEX(Table2[Campaign], MATCH(Table4[[#This Row],[Well Name (WellView Version)]], Table2[Well Name Actual], 0)), "A_Others") -> A_Others | N47: =IF(Table4[[#This Row],[Report Number]]=_xlfn.MINIFS(Table4[Report Number], Table4[Well Name (WellView Version)], Table4[[#This Row],[Well Name (WellView Version)]]), Table4[[#This Row],[Depth End (MD)]], Table4[[#This Row],[Depth End (MD)]]-F46) -> 0 | O47: =IF(Table4[[#This Row],[Report Number]]=_xlfn.MINIFS(Table4[Report Number], Table4[Well Name (WellView Version)], Table4[[#This Row],[Well Name (WellView Version)]]), Table4[[#This Row],[Cum Time Log Days_WV]], Table4[[#This Row],[Cum Time Log Days_WV]]-G46) -> 1 | P47: =(Table4[[#This Row],[dZ ft]]<=50)*Table4[[#This Row],[dT days]] -> 1 | Q47: =YEAR(Table4[[#This Row],[Report Start Date]]) -> 1993 | R47: =Table4[[#This Row],[Year Start Date]] -> 1993
B48: 46 | C48: AWI 8-3 | D48: Drill and Complete | E48: 46 | F48: 4505 | G48: 46 | H48: 0 | I48: 0 | J48: 34087 | K48: 34088 | L48: DRLGLNR1, CSGCMT | M48: =IFERROR(INDEX(Table2[Campaign], MATCH(Table4[[#This Row],[Well Name (WellView Version)]], Table2[Well Name Actual], 0)), "A_Others") -> A_Others | N48: =IF(Table4[[#This Row],[Report Number]]=_xlfn.MINIFS(Table4[Report Number], Table4[Well Name (WellView Version)], Table4[[#This Row],[Well Name (WellView Version)]]), Table4[[#This Row],[Depth End (MD)]], Table4[[#This Row],[Depth End (MD)]]-F47) -> 0 | O48: =IF(Table4[[#This Row],[Report Number]]=_xlfn.MINIFS(Table4[Report Number], Table4[Well Name (WellView Version)], Table4[[#This Row],[Well Name (WellView Version)]]), Table4[[#This Row],[Cum Time Log Days_WV]], Table4[[#This Row],[Cum Time Log Days_WV]]-G47) -> 1 | P48: =(Table4[[#This Row],[dZ ft]]<=50)*Table4[[#This Row],[dT days]] -> 1 | Q48: =YEAR(Table4[[#This Row],[Report Start Date]]) -> 1993 | R48: =Table4[[#This Row],[Year Start Date]] -> 1993
B49: 47 | C49: AWI 8-3 | D49: Drill and Complete | E49: 47 | F49: 4505 | G49: 47 | H49: 0 | I49: 0 | J49: 34088 | K49: 34089 | L49: DRLGLNR1, CSGCMT | M49: =IFERROR(INDEX(Table2[Campaign], MATCH(Table4[[#This Row],[Well Name (WellView Version)]], Table2[Well Name Actual], 0)), "A_Others") -> A_Others | N49: =IF(Table4[[#This Row],[Report Number]]=_xlfn.MINIFS(Table4[Report Number], Table4[Well Name (WellView Version)], Table4[[#This Row],[Well Name (WellView Version)]]), Table4[[#This Row],[Depth End (MD)]], Table4[[#This Row],[Depth End (MD)]]-F48) -> 0 | O49: =IF(Table4[[#This Row],[Report Number]]=_xlfn.MINIFS(Table4[Report Number], Table4[Well Name (WellView Version)], Table4[[#This Row],[Well Name (WellView Version)]]), Table4[[#This Row],[Cum Time Log Days_WV]], Table4[[#This Row],[Cum Time Log Days_WV]]-G48) -> 1 | P49: =(Table4[[#This Row],[dZ ft]]<=50)*Table4[[#This Row],[dT days]] -> 1 | Q49: =YEAR(Table4[[#This Row],[Report Start Date]]) -> 1993 | R49: =Table4[[#This Row],[Year Start Date]] -> 1993
B50: 48 | C50: AWI 8-3 | D50: Drill and Complete | E50: 48 | F50: 4505 | G50: 48 | H50: 0 | I50: 0 | J50: 34089 | K50: 34090 | L50: DRLGLNR1, CSGCMT | M50: =IFERROR(INDEX(Table2[Campaign], MATCH(Table4[[#This Row],[Well Name (WellView Version)]], Table2[Well Name Actual], 0)), "A_Others") -> A_Others | N50: =IF(Table4[[#This Row],[Report Number]]=_xlfn.MINIFS(Table4[Report Number], Table4[Well Name (WellView Version)], Table4[[#This Row],[Well Name (WellView Version)]]), Table4[[#This Row],[Depth End (MD)]], Table4[[#This Row],[Depth End (MD)]]-F49) -> 0 | O50: =IF(Table4[[#This Row],[Report Number]]=_xlfn.MINIFS(Table4[Report Number], Table4[Well Name (WellView Version)], Table4[[#This Row],[Well Name (WellView Version)]]), Table4[[#This Row],[Cum Time Log Days_WV]], Table4[[#This Row],[Cum Time Log Days_WV]]-G49) -> 1 | P50: =(Table4[[#This Row],[dZ ft]]<=50)*Table4[[#This Row],[dT days]] -> 1 | Q50: =YEAR(Table4[[#This Row],[Report Start Date]]) -> 1993 | R50: =Table4[[#This Row],[Year Start Date]] -> 1993
B51: 49 | C51: AWI 8-3 | D51: Drill and Complete | E51: 49 | F51: 5243 | G51: 49 | H51: 0 | I51: 0 | J51: 34090 | K51: 34091 | L51: DRLGLNR1, CSGCMT | M51: =IFERROR(INDEX(Table2[Campaign], MATCH(Table4[[#This Row],[Well Name (WellView Version)]], Table2[Well Name Actual], 0)), "A_Others") -> A_Others | N51: =IF(Table4[[#This Row],[Report Number]]=_xlfn.MINIFS(Table4[Report Number], Table4[Well Name (WellView Version)], Table4[[#This Row],[Well Name (WellView Version)]]), Table4[[#This Row],[Depth End (MD)]], Table4[[#This Row],[Depth End (MD)]]-F50) -> 738 | O51: =IF(Table4[[#This Row],[Report Number]]=_xlfn.MINIFS(Table4[Report Number], Table4[Well Name (WellView Version)], Table4[[#This Row],[Well Name (WellView Version)]]), Table4[[#This Row],[Cum Time Log Days_WV]], Table4[[#This Row],[Cum Time Log Days_WV]]-G50) -> 1 | P51: =(Table4[[#This Row],[dZ ft]]<=50)*Table4[[#This Row],[dT days]] -> 0 | Q51: =YEAR(Table4[[#This Row],[Report Start Date]]) -> 1993 | R51: =Table4[[#This Row],[Year Start Date]] -> 1993
B52: 50 | C52: AWI 8-3 | D52: Drill and Complete | E52: 50 | F52: 5243 | G52: 50 | H52: 0 | I52: 0 | J52: 34091 | K52: 34092 | L52: DRLGLNR1, CSGCMT | M52: =IFERROR(INDEX(Table2[Campaign], MATCH(Table4[[#This Row],[Well Name (WellView Version)]], Table2[Well Name Actual], 0)), "A_Others") -> A_Others | N52: =IF(Table4[[#This Row],[Report Number]]=_xlfn.MINIFS(Table4[Report Number], Table4[Well Name (WellView Version)], Table4[[#This Row],[Well Name (WellView Version)]]), Table4[[#This Row],[Depth End (MD)]], Table4[[#This Row],[Depth End (MD)]]-F51) -> 0 | O52: =IF(Table4[[#This Row],[Report Number]]=_xlfn.MINIFS(Table4[Report Number], Table4[Well Name (WellView Version)], Table4[[#This Row],[Well Name (WellView Version)]]), Table4[[#This Row],[Cum Time Log Days_WV]], Table4[[#This Row],[Cum Time Log Days_WV]]-G51) -> 1 | P52: =(Table4[[#This Row],[dZ ft]]<=50)*Table4[[#This Row],[dT days]] -> 1 | Q52: =YEAR(Table4[[#This Row],[Report Start Date]]) -> 1993 | R52: =Table4[[#This Row],[Year Start Date]] -> 1993
B53: 51 | C53: AWI 8-3 | D53: Drill and Complete | E53: 51 | F53: 5243 | G53: 51 | H53: 0 | I53: 0 | J53: 34092 | K53: 34093 | L53: DRLGLNR1, CSGCMT | M53: =IFERROR(INDEX(Table2[Campaign], MATCH(Table4[[#This Row],[Well Name (WellView Version)]], Table2[Well Name Actual], 0)), "A_Others") -> A_Others | N53: =IF(Table4[[#This Row],[Report Number]]=_xlfn.MINIFS(Table4[Report Number], Table4[Well Name (WellView Version)], Table4[[#This Row],[Well Name (WellView Version)]]), Table4[[#This Row],[Depth End (MD)]], Table4[[#This Row],[Depth End (MD)]]-F52) -> 0 | O53: =IF(Table4[[#This Row],[Report Number]]=_xlfn.MINIFS(Table4[Report Number], Table4[Well Name (WellView Version)], Table4[[#This Row],[Well Name (WellView Version)]]), Table4[[#This Row],[Cum Time Log Days_WV]], Table4[[#This Row],[Cum Time Log Days_WV]]-G52) -> 1 | P53: =(Table4[[#This Row],[dZ ft]]<=50)*Table4[[#This Row],[dT days]] -> 1 | Q53: =YEAR(Table4[[#This Row],[Report Start Date]]) -> 1993 | R53: =Table4[[#This Row],[Year Start Date]] -> 1993
B54: 52 | C54: AWI 8-3 | D54: Drill and Complete | E54: 52 | F54: 6234 | G54: 52 | H54: 0 | I54: 0 | J54: 34093 | K54: 34094 | L54: DRLGLNR1, CSGCMT | M54: =IFERROR(INDEX(Table2[Campaign], MATCH(Table4[[#This Row],[Well Name (WellView Version)]], Table2[Well Name Actual], 0)), "A_Others") -> A_Others | N54: =IF(Table4[[#This Row],[Report Number]]=_xlfn.MINIFS(Table4[Report Number], Table4[Well Name (WellView Version)], Table4[[#This Row],[Well Name (WellView Version)]]), Table4[[#This Row],[Depth End (MD)]], Table4[[#This Row],[Depth End (MD)]]-F53) -> 991 | O54: =IF(Table4[[#This Row],[Report Number]]=_xlfn.MINIFS(Table4[Report Number], Table4[Well Name (WellView Version)], Table4[[#This Row],[Well Name (WellView Version)]]), Table4[[#This Row],[Cum Time Log Days_WV]], Table4[[#This Row],[Cum Time Log Days_WV]]-G53) -> 1 | P54: =(Table4[[#This Row],[dZ ft]]<=50)*Table4[[#This Row],[dT days]] -> 0 | Q54: =YEAR(Table4[[#This Row],[Report Start Date]]) -> 1993 | R54: =Table4[[#This Row],[Year Start Date]] -> 1993
B55: 53 | C55: AWI 8-3 | D55: Drill and Complete | E55: 53 | F55: 6234 | G55: 53 | H55: 0 | I55: 0 | J55: 34094 | K55: 34095 | L55: DRLGLNR1, CSGCMT | M55: =IFERROR(INDEX(Table2[Campaign], MATCH(Table4[[#This Row],[Well Name (WellView Version)]], Table2[Well Name Actual], 0)), "A_Others") -> A_Others | N55: =IF(Table4[[#This Row],[Report Number]]=_xlfn.MINIFS(Table4[Report Number], Table4[Well Name (WellView Version)], Table4[[#This Row],[Well Name (WellView Version)]]), Table4[[#This Row],[Depth End (MD)]], Table4[[#This Row],[Depth End (MD)]]-F54) -> 0 | O55: =IF(Table4[[#This Row],[Report Number]]=_xlfn.MINIFS(Table4[Report Number], Table4[Well Name (WellView Version)], Table4[[#This Row],[Well Name (WellView Version)]]), Table4[[#This Row],[Cum Time Log Days_WV]], Table4[[#This Row],[Cum Time Log Days_WV]]-G54) -> 1 | P55: =(Table4[[#This Row],[dZ ft]]<=50)*Table4[[#This Row],[dT days]] -> 1 | Q55: =YEAR(Table4[[#This Row],[Report Start Date]]) -> 1993 | R55: =Table4[[#This Row],[Year Start Date]] -> 1993
B56: 54 | C56: AWI 8-3 | D56: Drill and Complete | E56: 54 | F56: 6234 | G56: 54 | H56: 0 | I56: 0 | J56: 34095 | K56: 34096 | L56: DRLGLNR1, CSGCMT | M56: =IFERROR(INDEX(Table2[Campaign], MATCH(Table4[[#This Row],[Well Name (WellView Version)]], Table2[Well Name Actual], 0)), "A_Others") -> A_Others | N56: =IF(Table4[[#This Row],[Report Number]]=_xlfn.MINIFS(Table4[Report Number], Table4[Well Name (WellView Version)], Table4[[#This Row],[Well Name (WellView Version)]]), Table4[[#This Row],[Depth End (MD)]], Table4[[#This Row],[Depth End (MD)]]-F55) -> 0 | O56: =IF(Table4[[#This Row],[Report Number]]=_xlfn.MINIFS(Table4[Report Number], Table4[Well Name (WellView Version)], Table4[[#This Row],[Well Name (WellView Version)]]), Table4[[#This Row],[Cum Time Log Days_WV]], Table4[[#This Row],[Cum Time Log Days_WV]]-G55) -> 1 | P56: =(Table4[[#This Row],[dZ ft]]<=50)*Table4[[#This Row],[dT days]] -> 1 | Q56: =YEAR(Table4[[#This Row],[Report Start Date]]) -> 1993 | R56: =Table4[[#This Row],[Year Start Date]] -> 1993
B57: 55 | C57: AWI 8-3 | D57: Drill and Complete | E57: 55 | F57: 6946 | G57: 55 | H57: 0 | I57: 0 | J57: 34096 | K57: 34097 | L57: DRLGLNR1, CSGCMT | M57: =IFERROR(INDEX(Table2[Campaign], MATCH(Table4[[#This Row],[Well Name (WellView Version)]], Table2[Well Name Actual], 0)), "A_Others") -> A_Others | N57: =IF(Table4[[#This Row],[Report Number]]=_xlfn.MINIFS(Table4[Report Number], Table4[Well Name (WellView Version)], Table4[[#This Row],[Well Name (WellView Version)]]), Table4[[#This Row],[Depth End (MD)]], Table4[[#This Row],[Depth End (MD)]]-F56) -> 712 | O57: =IF(Table4[[#This Row],[Report Number]]=_xlfn.MINIFS(Table4[Report Number], Table4[Well Name (WellView Version)], Table4[[#This Row],[Well Name (WellView Version)]]), Table4[[#This Row],[Cum Time Log Days_WV]], Table4[[#This Row],[Cum Time Log Days_WV]]-G56) -> 1 | P57: =(Table4[[#This Row],[dZ ft]]<=50)*Table4[[#This Row],[dT days]] -> 0 | Q57: =YEAR(Table4[[#This Row],[Report Start Date]]) -> 1993 | R57: =Table4[[#This Row],[Year Start Date]] -> 1993
B58: 56 | C58: AWI 8-3 | D58: Drill and Complete | E58: 56 | F58: 6946 | G58: 56 | H58: 0 | I58: 0 | J58: 34097 | K58: 34098 | L58: DRLGLNR1, CSGCMT | M58: =IFERROR(INDEX(Table2[Campaign], MATCH(Table4[[#This Row],[Well Name (WellView Version)]], Table2[Well Name Actual], 0)), "A_Others") -> A_Others | N58: =IF(Table4[[#This Row],[Report Number]]=_xlfn.MINIFS(Table4[Report Number], Table4[Well Name (WellView Version)], Table4[[#This Row],[Well Name (WellView Version)]]), Table4[[#This Row],[Depth End (MD)]], Table4[[#This Row],[Depth End (MD)]]-F57) -> 0 | O58: =IF(Table4[[#This Row],[Report Number]]=_xlfn.MINIFS(Table4[Report Number], Table4[Well Name (WellView Version)], Table4[[#This Row],[Well Name (WellView Version)]]), Table4[[#This Row],[Cum Time Log Days_WV]], Table4[[#This Row],[Cum Time Log Days_WV]]-G57) -> 1 | P58: =(Table4[[#This Row],[dZ ft]]<=50)*Table4[[#This Row],[dT days]] -> 1 | Q58: =YEAR(Table4[[#This Row],[Report Start Date]]) -> 1993 | R58: =Table4[[#This Row],[Year Start Date]] -> 1993
... B71: 69 | C71: AWI 8-3 | D71: Drill and Complete | E71: 69 | F71: 7950 | G71: 69.125 | H71: 0 | I71: 0 | J71: 34110 | K71: 34111 | L71: PRODLNR2, CSGCMT | M71: =IFERROR(INDEX(Table2[Campaign], MATCH(Table4[[#This Row],[Well Name (WellView Version)]], Table2[Well Name Actual], 0)), "A_Others") -> A_Others | N71: =IF(Table4[[#This Row],[Report Number]]=_xlfn.MINIFS(Table4[Report Number], Table4[Well Name (WellView Version)], Table4[[#This Row],[Well Name (WellView Version)]]), Table4[[#This Row],[Depth End (MD)]], Table4[[#This Row],[Depth End (MD)]]-F70) -> 0 | O71: =IF(Table4[[#This Row],[Report Number]]=_xlfn.MINIFS(Table4[Report Number], Table4[Well Name (WellView Version)], Table4[[#This Row],[Well Name (WellView Version)]]), Table4[[#This Row],[Cum Time Log Days_WV]], Table4[[#This Row],[Cum Time Log Days_WV]]-G70) -> 1 | P71: =(Table4[[#This Row],[dZ ft]]<=50)*Table4[[#This Row],[dT days]] -> 1 | Q71: =YEAR(Table4[[#This Row],[Report Start Date]]) -> 1993 | R71: =Table4[[#This Row],[Year Start Date]] -> 1993
B72: 70 | C72: DRJ-16 | D72: Drill and Complete | E72: 1 | F72: 0 | G72: 1 | J72: 35429 | K72: 35430 | M72: =IFERROR(INDEX(Table2[Campaign], MATCH(Table4[[#This Row],[Well Name (WellView Version)]], Table2[Well Name Actual], 0)), "A_Others") -> A_Others | N72: =IF(Table4[[#This Row],[Report Number]]=_xlfn.MINIFS(Table4[Report Number], Table4[Well Name (WellView Version)], Table4[[#This Row],[Well Name (WellView Version)]]), Table4[[#This Row],[Depth End (MD)]], Table4[[#This Row],[Depth End (MD)]]-F71) -> 0 | O72: =IF(Table4[[#This Row],[Report Number]]=_xlfn.MINIFS(Table4[Report Number], Table4[Well Name (WellView Version)], Table4[[#This Row],[Well Name (WellView Version)]]), Table4[[#This Row],[Cum Time Log Days_WV]], Table4[[#This Row],[Cum Time Log Days_WV]]-G71) -> 1 | P72: =(Table4[[#This Row],[dZ ft]]<=50)*Table4[[#This Row],[dT days]] -> 1 | Q72: =YEAR(Table4[[#This Row],[Report Start Date]]) -> 1996 | R72: =Table4[[#This Row],[Year Start Date]] -> 1996
B73: 71 | C73: DRJ-16 | D73: Drill and Complete | E73: 2 | F73: 0 | G73: 2 | J73: 35430 | K73: 35431 | M73: =IFERROR(INDEX(Table2[Campaign], MATCH(Table4[[#This Row],[Well Name (WellView Version)]], Table2[Well Name Actual], 0)), "A_Others") -> A_Others | N73: =IF(Table4[[#This Row],[Report Number]]=_xlfn.MINIFS(Table4[Report Number], Table4[Well Name (WellView Version)], Table4[[#This Row],[Well Name (WellView Version)]]), Table4[[#This Row],[Depth End (MD)]], Table4[[#This Row],[Depth End (MD)]]-F72) -> 0 | O73: =IF(Table4[[#This Row],[Report Number]]=_xlfn.MINIFS(Table4[Report Number], Table4[Well Name (WellView Version)], Table4[[#This Row],[Well Name (WellView Version)]]), Table4[[#This Row],[Cum Time Log Days_WV]], Table4[[#This Row],[Cum Time Log Days_WV]]-G72) -> 1 | P73: =(Table4[[#This Row],[dZ ft]]<=50)*Table4[[#This Row],[dT days]] -> 1 | Q73: =YEAR(Table4[[#This Row],[Report Start Date]]) -> 1996 | R73: =Table4[[#This Row],[Year Start Date]] -> 1996
B74: 72 | C74: DRJ-16 | D74: Drill and Complete | E74: 3 | F74: 0 | G74: 3 | J74: 35431 | K74: 35432 | M74: =IFERROR(INDEX(Table2[Campaign], MATCH(Table4[[#This Row],[Well Name (WellView Version)]], Table2[Well Name Actual], 0)), "A_Others") -> A_Others | N74: =IF(Table4[[#This Row],[Report Number]]=_xlfn.MINIFS(Table4[Report Number], Table4[Well Name (WellView Version)], Table4[[#This Row],[Well Name (WellView Version)]]), Table4[[#This Row],[Depth End (MD)]], Table4[[#This Row],[Depth End (MD)]]-F73) -> 0 | O74: =IF(Table4[[#This Row],[Report Number]]=_xlfn.MINIFS(Table4[Report Number], Table4[Well Name (WellView Version)], Table4[[#This Row],[Well Name (WellView Version)]]), Table4[[#This Row],[Cum Time Log Days_WV]], Table4[[#This Row],[Cum Time Log Days_WV]]-G73) -> 1 | P74: =(Table4[[#This Row],[dZ ft]]<=50)*Table4[[#This Row],[dT days]] -> 1 | Q74: =YEAR(Table4[[#This Row],[Report Start Date]]) -> 1997 | R74: =Table4[[#This Row],[Year Start Date]] -> 1997
B75: 73 | C75: DRJ-16 | D75: Drill and Complete | E75: 4 | F75: 0 | G75: 4 | J75: 35432 | K75: 35433 | M75: =IFERROR(INDEX(Table2[Campaign], MATCH(Table4[[#This Row],[Well Name (WellView Version)]], Table2[Well Name Actual], 0)), "A_Others") -> A_Others | N75: =IF(Table4[[#This Row],[Report Number]]=_xlfn.MINIFS(Table4[Report Number], Table4[Well Name (WellView Version)], Table4[[#This Row],[Well Name (WellView Version)]]), Table4[[#This Row],[Depth End (MD)]], Table4[[#This Row],[Depth End (MD)]]-F74) -> 0 | O75: =IF(Table4[[#This Row],[Report Number]]=_xlfn.MINIFS(Table4[Report Number], Table4[Well Name (WellView Version)], Table4[[#This Row],[Well Name (WellView Version)]]), Table4[[#This Row],[Cum Time Log Days_WV]], Table4[[#This Row],[Cum Time Log Days_WV]]-G74) -> 1 | P75: =(Table4[[#This Row],[dZ ft]]<=50)*Table4[[#This Row],[dT days]] -> 1 | Q75: =YEAR(Table4[[#This Row],[Report Start Date]]) -> 1997 | R75: =Table4[[#This Row],[Year Start Date]] -> 1997
B76: 74 | C76: DRJ-16 | D76: Drill and Complete | E76: 5 | F76: 0 | G76: 5 | J76: 35433 | K76: 35434 | M76: =IFERROR(INDEX(Table2[Campaign], MATCH(Table4[[#This Row],[Well Name (WellView Version)]], Table2[Well Name Actual], 0)), "A_Others") -> A_Others | N76: =IF(Table4[[#This Row],[Report Number]]=_xlfn.MINIFS(Table4[Report Number], Table4[Well Name (WellView Version)], Table4[[#This Row],[Well Name (WellView Version)]]), Table4[[#This Row],[Depth End (MD)]], Table4[[#This Row],[Depth End (MD)]]-F75) -> 0 | O76: =IF(Table4[[#This Row],[Report Number]]=_xlfn.MINIFS(Table4[Report Number], Table4[Well Name (WellView Version)], Table4[[#This Row],[Well Name (WellView Version)]]), Table4[[#This Row],[Cum Time Log Days_WV]], Table4[[#This Row],[Cum Time Log Days_WV]]-G75) -> 1 | P76: =(Table4[[#This Row],[dZ ft]]<=50)*Table4[[#This Row],[dT days]] -> 1 | Q76: =YEAR(Table4[[#This Row],[Report Start Date]]) -> 1997 | R76: =Table4[[#This Row],[Year Start Date]] -> 1997
B77: 75 | C77: DRJ-16 | D77: Drill and Complete | E77: 6 | F77: 0 | G77: 6 | J77: 35434 | K77: 35435 | M77: =IFERROR(INDEX(Table2[Campaign], MATCH(Table4[[#This Row],[Well Name (WellView Version)]], Table2[Well Name Actual], 0)), "A_Others") -> A_Others | N77: =IF(Table4[[#This Row],[Report Number]]=_xlfn.MINIFS(Table4[Report Number], Table4[Well Name (WellView Version)], Table4[[#This Row],[Well Name (WellView Version)]]), Table4[[#This Row],[Depth End (MD)]], Table4[[#This Row],[Depth End (MD)]]-F76) -> 0 | O77: =IF(Table4[[#This Row],[Report Number]]=_xlfn.MINIFS(Table4[Report Number], Table4[Well Name (WellView Version)], Table4[[#This Row],[Well Name (WellView Version)]]), Table4[[#This Row],[Cum Time Log Days_WV]], Table4[[#This Row],[Cum Time Log Days_WV]]-G76) -> 1 | P77: =(Table4[[#This Row],[dZ ft]]<=50)*Table4[[#This Row],[dT days]] -> 1 | Q77: =YEAR(Table4[[#This Row],[Report Start Date]]) -> 1997 | R77: =Table4[[#This Row],[Year Start Date]] -> 1997
B78: 76 | C78: DRJ-16 | D78: Drill and Complete | E78: 7 | F78: 0 | G78: 7 | J78: 35435 | K78: 35436 | M78: =IFERROR(INDEX(Table2[Campaign], MATCH(Table4[[#This Row],[Well Name (WellView Version)]], Table2[Well Name Actual], 0)), "A_Others") -> A_Others | N78: =IF(Table4[[#This Row],[Report Number]]=_xlfn.MINIFS(Table4[Report Number], Table4[Well Name (WellView Version)], Table4[[#This Row],[Well Name (WellView Version)]]), Table4[[#This Row],[Depth End (MD)]], Table4[[#This Row],[Depth End (MD)]]-F77) -> 0 | O78: =IF(Table4[[#This Row],[Report Number]]=_xlfn.MINIFS(Table4[Report Number], Table4[Well Name (WellView Version)], Table4[[#This Row],[Well Name (WellView Version)]]), Table4[[#This Row],[Cum Time Log Days_WV]], Table4[[#This Row],[Cum Time Log Days_WV]]-G77) -> 1 | P78: =(Table4[[#This Row],[dZ ft]]<=50)*Table4[[#This Row],[dT days]] -> 1 | Q78: =YEAR(Table4[[#This Row],[Report Start Date]]) -> 1997 | R78: =Table4[[#This Row],[Year Start Date]] -> 1997
B79: 77 | C79: DRJ-16 | D79: Drill and Complete | E79: 8 | F79: 0 | G79: 8 | J79: 35436 | K79: 35437 | M79: =IFERROR(INDEX(Table2[Campaign], MATCH(Table4[[#This Row],[Well Name (WellView Version)]], Table2[Well Name Actual], 0)), "A_Others") -> A_Others | N79: =IF(Table4[[#This Row],[Report Number]]=_xlfn.MINIFS(Table4[Report Number], Table4[Well Name (WellView Version)], Table4[[#This Row],[Well Name (WellView Version)]]), Table4[[#This Row],[Depth End (MD)]], Table4[[#This Row],[Depth End (MD)]]-F78) -> 0 | O79: =IF(Table4[[#This Row],[Report Number]]=_xlfn.MINIFS(Table4[Report Number], Table4[Well Name (WellView Version)], Table4[[#This Row],[Well Name (WellView Version)]]), Table4[[#This Row],[Cum Time Log Days_WV]], Table4[[#This Row],[Cum Time Log Days_WV]]-G78) -> 1 | P79: =(Table4[[#This Row],[dZ ft]]<=50)*Table4[[#This Row],[dT days]] -> 1 | Q79: =YEAR(Table4[[#This Row],[Report Start Date]]) -> 1997 | R79: =Table4[[#This Row],[Year Start Date]] -> 1997
B80: 78 | C80: DRJ-16 | D80: Drill and Complete | E80: 9 | F80: 0 | G80: 9 | J80: 35437 | K80: 35438 | M80: =IFERROR(INDEX(Table2[Campaign], MATCH(Table4[[#This Row],[Well Name (WellView Version)]], Table2[Well Name Actual], 0)), "A_Others") -> A_Others | N80: =IF(Table4[[#This Row],[Report Number]]=_xlfn.MINIFS(Table4[Report Number], Table4[Well Name (WellView Version)], Table4[[#This Row],[Well Name (WellView Version)]]), Table4[[#This Row],[Depth End (MD)]], Table4[[#This Row],[Depth End (MD)]]-F79) -> 0 | O80: =IF(Table4[[#This Row],[Report Number]]=_xlfn.MINIFS(Table4[Report Number], Table4[Well Name (WellView Version)], Table4[[#This Row],[Well Name (WellView Version)]]), Table4[[#This Row],[Cum Time Log Days_WV]], Table4[[#This Row],[Cum Time Log Days_WV]]-G79) -> 1 | P80: =(Table4[[#This Row],[dZ ft]]<=50)*Table4[[#This Row],[dT days]] -> 1 | Q80: =YEAR(Table4[[#This Row],[Report Start Date]]) -> 1997 | R80: =Table4[[#This Row],[Year Start Date]] -> 1997
B81: 79 | C81: DRJ-16 | D81: Drill and Complete | E81: 10 | F81: 0 | G81: 10 | J81: 35438 | K81: 35439 | L81: INTCSG1, DRILL | M81: =IFERROR(INDEX(Table2[Campaign], MATCH(Table4[[#This Row],[Well Name (WellView Version)]], Table2[Well Name Actual], 0)), "A_Others") -> A_Others | N81: =IF(Table4[[#This Row],[Report Number]]=_xlfn.MINIFS(Table4[Report Number], Table4[Well Name (WellView Version)], Table4[[#This Row],[Well Name (WellView Version)]]), Table4[[#This Row],[Depth End (MD)]], Table4[[#This Row],[Depth End (MD)]]-F80) -> 0 | O81: =IF(Table4[[#This Row],[Report Number]]=_xlfn.MINIFS(Table4[Report Number], Table4[Well Name (WellView Version)], Table4[[#This Row],[Well Name (WellView Version)]]), Table4[[#This Row],[Cum Time Log Days_WV]], Table4[[#This Row],[Cum Time Log Days_WV]]-G80) -> 1 | P81: =(Table4[[#This Row],[dZ ft]]<=50)*Table4[[#This Row],[dT days]] -> 1 | Q81: =YEAR(Table4[[#This Row],[Report Start Date]]) -> 1997 | R81: =Table4[[#This Row],[Year Start Date]] -> 1997
B82: 80 | C82: DRJ-16 | D82: Drill and Complete | E82: 11 | F82: 0 | G82: 11 | J82: 35439 | K82: 35440 | L82: INTCSG1, DRILL | M82: =IFERROR(INDEX(Table2[Campaign], MATCH(Table4[[#This Row],[Well Name (WellView Version)]], Table2[Well Name Actual], 0)), "A_Others") -> A_Others | N82: =IF(Table4[[#This Row],[Report Number]]=_xlfn.MINIFS(Table4[Report Number], Table4[Well Name (WellView Version)], Table4[[#This Row],[Well Name (WellView Version)]]), Table4[[#This Row],[Depth End (MD)]], Table4[[#This Row],[Depth End (MD)]]-F81) -> 0 | O82: =IF(Table4[[#This Row],[Report Number]]=_xlfn.MINIFS(Table4[Report Number], Table4[Well Name (WellView Version)], Table4[[#This Row],[Well Name (WellView Version)]]), Table4[[#This Row],[Cum Time Log Days_WV]], Table4[[#This Row],[Cum Time Log Days_WV]]-G81) -> 1 | P82: =(Table4[[#This Row],[dZ ft]]<=50)*Table4[[#This Row],[dT days]] -> 1 | Q82: =YEAR(Table4[[#This Row],[Report Start Date]]) -> 1997 | R82: =Table4[[#This Row],[Year Start Date]] -> 1997
B83: 81 | C83: DRJ-16 | D83: Drill and Complete | E83: 12 | F83: 0 | G83: 12 | J83: 35440 | K83: 35441 | L83: INTCSG1, DRILL | M83: =IFERROR(INDEX(Table2[Campaign], MATCH(Table4[[#This Row],[Well Name (WellView Version)]], Table2[Well Name Actual], 0)), "A_Others") -> A_Others | N83: =IF(Table4[[#This Row],[Report Number]]=_xlfn.MINIFS(Table4[Report Number], Table4[Well Name (WellView Version)], Table4[[#This Row],[Well Name (WellView Version)]]), Table4[[#This Row],[Depth End (MD)]], Table4[[#This Row],[Depth End (MD)]]-F82) -> 0 | O83: =IF(Table4[[#This Row],[Report Number]]=_xlfn.MINIFS(Table4[Report Number], Table4[Well Name (WellView Version)], Table4[[#This Row],[Well Name (WellView Version)]]), Table4[[#This Row],[Cum Time Log Days_WV]], Table4[[#This Row],[Cum Time Log Days_WV]]-G82) -> 1 | P83: =(Table4[[#This Row],[dZ ft]]<=50)*Table4[[#This Row],[dT days]] -> 1 | Q83: =YEAR(Table4[[#This Row],[Report Start Date]]) -> 1997 | R83: =Table4[[#This Row],[Year Start Date]] -> 1997
B84: 82 | C84: DRJ-16 | D84: Drill and Complete | E84: 13 | F84: 0 | G84: 13 | J84: 35441 | K84: 35442 | L84: INTCSG1, DRILL | M84: =IFERROR(INDEX(Table2[Campaign], MATCH(Table4[[#This Row],[Well Name (WellView Version)]], Table2[Well Name Actual], 0)), "A_Others") -> A_Others | N84: =IF(Table4[[#This Row],[Report Number]]=_xlfn.MINIFS(Table4[Report Number], Table4[Well Name (WellView Version)], Table4[[#This Row],[Well Name (WellView Version)]]), Table4[[#This Row],[Depth End (MD)]], Table4[[#This Row],[Depth End (MD)]]-F83) -> 0 | O84: =IF(Table4[[#This Row],[Report Number]]=_xlfn.MINIFS(Table4[Report Number], Table4[Well Name (WellView Version)], Table4[[#This Row],[Well Name (WellView Version)]]), Table4[[#This Row],[Cum Time Log Days_WV]], Table4[[#This Row],[Cum Time Log Days_WV]]-G83) -> 1 | P84: =(Table4[[#This Row],[dZ ft]]<=50)*Table4[[#This Row],[dT days]] -> 1 | Q84: =YEAR(Table4[[#This Row],[Report Start Date]]) -> 1997 | R84: =Table4[[#This Row],[Year Start Date]] -> 1997
B85: 83 | C85: DRJ-16 | D85: Drill and Complete | E85: 14 | F85: 0 | G85: 14 | J85: 35442 | K85: 35443 | L85: INTCSG1, CSGCMT | M85: =IFERROR(INDEX(Table2[Campaign], MATCH(Table4[[#This Row],[Well Name (WellView Version)]], Table2[Well Name Actual], 0)), "A_Others") -> A_Others | N85: =IF(Table4[[#This Row],[Report Number]]=_xlfn.MINIFS(Table4[Report Number], Table4[Well Name (WellView Version)], Table4[[#This Row],[Well Name (WellView Version)]]), Table4[[#This Row],[Depth End (MD)]], Table4[[#This Row],[Depth End (MD)]]-F84) -> 0 | O85: =IF(Table4[[#This Row],[Report Number]]=_xlfn.MINIFS(Table4[Report Number], Table4[Well Name (WellView Version)], Table4[[#This Row],[Well Name (WellView Version)]]), Table4[[#This Row],[Cum Time Log Days_WV]], Table4[[#This Row],[Cum Time Log Days_WV]]-G84) -> 1 | P85: =(Table4[[#This Row],[dZ ft]]<=50)*Table4[[#This Row],[dT days]] -> 1 | Q85: =YEAR(Table4[[#This Row],[Report Start Date]]) -> 1997 | R85: =Table4[[#This Row],[Year Start Date]] -> 1997
B86: 84 | C86: DRJ-16 | D86: Drill and Complete | E86: 15 | F86: 1456 | G86: 15 | H86: 0 | I86: 0 | J86: 35443 | K86: 35444 | L86: INTCSG1, CSGCMT | M86: =IFERROR(INDEX(Table2[Campaign], MATCH(Table4[[#This Row],[Well Name (WellView Version)]], Table2[Well Name Actual], 0)), "A_Others") -> A_Others | N86: =IF(Table4[[#This Row],[Report Number]]=_xlfn.MINIFS(Table4[Report Number], Table4[Well Name (WellView Version)], Table4[[#This Row],[Well Name (WellView Version)]]), Table4[[#This Row],[Depth End (MD)]], Table4[[#This Row],[Depth End (MD)]]-F85) -> 1456 | O86: =IF(Table4[[#This Row],[Report Number]]=_xlfn.MINIFS(Table4[Report Number], Table4[Well Name (WellView Version)], Table4[[#This Row],[Well Name (WellView Version)]]), Table4[[#This Row],[Cum Time Log Days_WV]], Table4[[#This Row],[Cum Time Log Days_WV]]-G85) -> 1 | P86: =(Table4[[#This Row],[dZ ft]]<=50)*Table4[[#This Row],[dT days]] -> 0 | Q86: =YEAR(Table4[[#This Row],[Report Start Date]]) -> 1997 | R86: =Table4[[#This Row],[Year Start Date]] -> 1997
B87: 85 | C87: DRJ-16 | D87: Drill and Complete | E87: 16 | F87: 1456 | G87: 15.583333 | H87: 0 | I87: 0 | J87: 35444 | K87: 35445 | L87: INTCSG1, CSGCMT | M87: =IFERROR(INDEX(Table2[Campaign], MATCH(Table4[[#This Row],[Well Name (WellView Version)]], Table2[Well Name Actual], 0)), "A_Others") -> A_Others | N87: =IF(Table4[[#This Row],[Report Number]]=_xlfn.MINIFS(Table4[Report Number], Table4[Well Name (WellView Version)], Table4[[#This Row],[Well Name (WellView Version)]]), Table4[[#This Row],[Depth End (MD)]], Table4[[#This Row],[Depth End (MD)]]-F86) -> 0 | O87: =IF(Table4[[#This Row],[Report Number]]=_xlfn.MINIFS(Table4[Report Number], Table4[Well Name (WellView Version)], Table4[[#This Row],[Well Name (WellView Version)]]), Table4[[#This Row],[Cum Time Log Days_WV]], Table4[[#This Row],[Cum Time Log Days_WV]]-G86) -> 0.58333333 | P87: =(Table4[[#This Row],[dZ ft]]<=50)*Table4[[#This Row],[dT days]] -> 0.58333333 | Q87: =YEAR(Table4[[#This Row],[Report Start Date]]) -> 1997 | R87: =Table4[[#This Row],[Year Start Date]] -> 1997
B88: 86 | C88: DRJ-16 | D88: Drill and Complete | E88: 17 | F88: 1456 | G88: 16.583333 | H88: 0 | I88: 0 | J88: 35445 | K88: 35446 | L88: INTCSG1, CSGCMT | M88: =IFERROR(INDEX(Table2[Campaign], MATCH(Table4[[#This Row],[Well Name (WellView Version)]], Table2[Well Name Actual], 0)), "A_Others") -> A_Others | N88: =IF(Table4[[#This Row],[Report Number]]=_xlfn.MINIFS(Table4[Report Number], Table4[Well Name (WellView Version)], Table4[[#This Row],[Well Name (WellView Version)]]), Table4[[#This Row],[Depth End (MD)]], Table4[[#This Row],[Depth End (MD)]]-F87) -> 0 | O88: =IF(Table4[[#This Row],[Report Number]]=_xlfn.MINIFS(Table4[Report Number], Table4[Well Name (WellView Version)], Table4[[#This Row],[Well Name (WellView Version)]]), Table4[[#This Row],[Cum Time Log Days_WV]], Table4[[#This Row],[Cum Time Log Days_WV]]-G87) -> 1 | P88: =(Table4[[#This Row],[dZ ft]]<=50)*Table4[[#This Row],[dT days]] -> 1 | Q88: =YEAR(Table4[[#This Row],[Report Start Date]]) -> 1997 | R88: =Table4[[#This Row],[Year Start Date]] -> 1997
B89: 87 | C89: DRJ-16 | D89: Drill and Complete | E89: 18 | F89: 1456 | G89: 17.583333 | H89: 0 | I89: 0 | J89: 35446 | K89: 35447 | L89: INTCSG1, CSGCMT | M89: =IFERROR(INDEX(Table2[Campaign], MATCH(Table4[[#This Row],[Well Name (WellView Version)]], Table2[Well Name Actual], 0)), "A_Others") -> A_Others | N89: =IF(Table4[[#This Row],[Report Number]]=_xlfn.MINIFS(Table4[Report Number], Table4[Well Name (WellView Version)], Table4[[#This Row],[Well Name (WellView Version)]]), Table4[[#This Row],[Depth End (MD)]], Table4[[#This Row],[Depth End (MD)]]-F88) -> 0 | O89: =IF(Table4[[#This Row],[Report Number]]=_xlfn.MINIFS(Table4[Report Number], Table4[Well Name (WellView Version)], Table4[[#This Row],[Well Name (WellView Version)]]), Table4[[#This Row],[Cum Time Log Days_WV]], Table4[[#This Row],[Cum Time Log Days_WV]]-G88) -> 1 | P89: =(Table4[[#This Row],[dZ ft]]<=50)*Table4[[#This Row],[dT days]] -> 1 | Q89: =YEAR(Table4[[#This Row],[Report Start Date]]) -> 1997 | R89: =Table4[[#This Row],[Year Start Date]] -> 1997
B90: 88 | C90: DRJ-16 | D90: Drill and Complete | E90: 19 | F90: 1456 | G90: 18.583333 | H90: 0 | I90: 0 | J90: 35447 | K90: 35448 | L90: INTCSG1, CSGCMT | M90: =IFERROR(INDEX(Table2[Campaign], MATCH(Table4[[#This Row],[Well Name (WellView Version)]], Table2[Well Name Actual], 0)), "A_Others") -> A_Others | N90: =IF(Table4[[#This Row],[Report Number]]=_xlfn.MINIFS(Table4[Report Number], Table4[Well Name (WellView Version)], Table4[[#This Row],[Well Name (WellView Version)]]), Table4[[#This Row],[Depth End (MD)]], Table4[[#This Row],[Depth End (MD)]]-F89) -> 0 | O90: =IF(Table4[[#This Row],[Report Number]]=_xlfn.MINIFS(Table4[Report Number], Table4[Well Name (WellView Version)], Table4[[#This Row],[Well Name (WellView Version)]]), Table4[[#This Row],[Cum Time Log Days_WV]], Table4[[#This Row],[Cum Time Log Days_WV]]-G89) -> 1 | P90: =(Table4[[#This Row],[dZ ft]]<=50)*Table4[[#This Row],[dT days]] -> 1 | Q90: =YEAR(Table4[[#This Row],[Report Start Date]]) -> 1997 | R90: =Table4[[#This Row],[Year Start Date]] -> 1997
B91: 89 | C91: DRJ-16 | D91: Drill and Complete | E91: 20 | F91: 1456 | G91: 19.583333 | H91: 0 | I91: 0 | J91: 35448 | K91: 35449 | L91: INTCSG1, CSGCMT | M91: =IFERROR(INDEX(Table2[Campaign], MATCH(Table4[[#This Row],[Well Name (WellView Version)]], Table2[Well Name Actual], 0)), "A_Others") -> A_Others | N91: =IF(Table4[[#This Row],[Report Number]]=_xlfn.MINIFS(Table4[Report Number], Table4[Well Name (WellView Version)], Table4[[#This Row],[Well Name (WellView Version)]]), Table4[[#This Row],[Depth End (MD)]], Table4[[#This Row],[Depth End (MD)]]-F90) -> 0 | O91: =IF(Table4[[#This Row],[Report Number]]=_xlfn.MINIFS(Table4[Report Number], Table4[Well Name (WellView Version)], Table4[[#This Row],[Well Name (WellView Version)]]), Table4[[#This Row],[Cum Time Log Days_WV]], Table4[[#This Row],[Cum Time Log Days_WV]]-G90) -> 1 | P91: =(Table4[[#This Row],[dZ ft]]<=50)*Table4[[#This Row],[dT days]] -> 1 | Q91: =YEAR(Table4[[#This Row],[Report Start Date]]) -> 1997 | R91: =Table4[[#This Row],[Year Start Date]] -> 1997
B92: 90 | C92: DRJ-16 | D92: Drill and Complete | E92: 21 | F92: 1456 | G92: 20.583333 | H92: 0 | I92: 0 | J92: 35449 | K92: 35450 | L92: INTCSG1, CSGCMT | M92: =IFERROR(INDEX(Table2[Campaign], MATCH(Table4[[#This Row],[Well Name (WellView Version)]], Table2[Well Name Actual], 0)), "A_Others") -> A_Others | N92: =IF(Table4[[#This Row],[Report Number]]=_xlfn.MINIFS(Table4[Report Number], Table4[Well Name (WellView Version)], Table4[[#This Row],[Well Name (WellView Version)]]), Table4[[#This Row],[Depth End (MD)]], Table4[[#This Row],[Depth End (MD)]]-F91) -> 0 | O92: =IF(Table4[[#This Row],[Report Number]]=_xlfn.MINIFS(Table4[Report Number], Table4[Well Name (WellView Version)], Table4[[#This Row],[Well Name (WellView Version)]]), Table4[[#This Row],[Cum Time Log Days_WV]], Table4[[#This Row],[Cum Time Log Days_WV]]-G91) -> 1 | P92: =(Table4[[#This Row],[dZ ft]]<=50)*Table4[[#This Row],[dT days]] -> 1 | Q92: =YEAR(Table4[[#This Row],[Report Start Date]]) -> 1997 | R92: =Table4[[#This Row],[Year Start Date]] -> 1997
B93: 91 | C93: DRJ-16 | D93: Drill and Complete | E93: 22 | F93: 1456 | G93: 21.583333 | H93: 0 | I93: 0 | J93: 35450 | K93: 35451 | L93: INTCSG1, CSGCMT | M93: =IFERROR(INDEX(Table2[Campaign], MATCH(Table4[[#This Row],[Well Name (WellView Version)]], Table2[Well Name Actual], 0)), "A_Others") -> A_Others | N93: =IF(Table4[[#This Row],[Report Number]]=_xlfn.MINIFS(Table4[Report Number], Table4[Well Name (WellView Version)], Table4[[#This Row],[Well Name (WellView Version)]]), Table4[[#This Row],[Depth End (MD)]], Table4[[#This Row],[Depth End (MD)]]-F92) -> 0 | O93: =IF(Table4[[#This Row],[Report Number]]=_xlfn.MINIFS(Table4[Report Number], Table4[Well Name (WellView Version)], Table4[[#This Row],[Well Name (WellView Version)]]), Table4[[#This Row],[Cum Time Log Days_WV]], Table4[[#This Row],[Cum Time Log Days_WV]]-G92) -> 1 | P93: =(Table4[[#This Row],[dZ ft]]<=50)*Table4[[#This Row],[dT days]] -> 1 | Q93: =YEAR(Table4[[#This Row],[Report Start Date]]) -> 1997 | R93: =Table4[[#This Row],[Year Start Date]] -> 1997
B94: 92 | C94: DRJ-16 | D94: Drill and Complete | E94: 23 | F94: 1456 | G94: 22.583333 | H94: 0 | I94: 0 | J94: 35451 | K94: 35452 | L94: INTCSG1, CSGCMT | M94: =IFERROR(INDEX(Table2[Campaign], MATCH(Table4[[#This Row],[Well Name (WellView Version)]], Table2[Well Name Actual], 0)), "A_Others") -> A_Others | N94: =IF(Table4[[#This Row],[Report Number]]=_xlfn.MINIFS(Table4[Report Number], Table4[Well Name (WellView Version)], Table4[[#This Row],[Well Name (WellView Version)]]), Table4[[#This Row],[Depth End (MD)]], Table4[[#This Row],[Depth End (MD)]]-F93) -> 0 | O94: =IF(Table4[[#This Row],[Report Number]]=_xlfn.MINIFS(Table4[Report Number], Table4[Well Name (WellView Version)], Table4[[#This Row],[Well Name (WellView Version)]]), Table4[[#This Row],[Cum Time Log Days_WV]], Table4[[#This Row],[Cum Time Log Days_WV]]-G93) -> 1 | P94: =(Table4[[#This Row],[dZ ft]]<=50)*Table4[[#This Row],[dT days]] -> 1 | Q94: =YEAR(Table4[[#This Row],[Report Start Date]]) -> 1997 | R94: =Table4[[#This Row],[Year Start Date]] -> 1997
B95: 93 | C95: DRJ-16 | D95: Drill and Complete | E95: 24 | F95: 3237 | G95: 23.583333 | H95: 0 | I95: 0 | J95: 35452 | K95: 35453 | L95: INTCSG1, CSGCMT | M95: =IFERROR(INDEX(Table2[Campaign], MATCH(Table4[[#This Row],[Well Name (WellView Version)]], Table2[Well Name Actual], 0)), "A_Others") -> A_Others | N95: =IF(Table4[[#This Row],[Report Number]]=_xlfn.MINIFS(Table4[Report Number], Table4[Well Name (WellView Version)], Table4[[#This Row],[Well Name (WellView Version)]]), Table4[[#This Row],[Depth End (MD)]], Table4[[#This Row],[Depth End (MD)]]-F94) -> 1781 | O95: =IF(Table4[[#This Row],[Report Number]]=_xlfn.MINIFS(Table4[Report Number], Table4[Well Name (WellView Version)], Table4[[#This Row],[Well Name (WellView Version)]]), Table4[[#This Row],[Cum Time Log Days_WV]], Table4[[#This Row],[Cum Time Log Days_WV]]-G94) -> 1 | P95: =(Table4[[#This Row],[dZ ft]]<=50)*Table4[[#This Row],[dT days]] -> 0 | Q95: =YEAR(Table4[[#This Row],[Report Start Date]]) -> 1997 | R95: =Table4[[#This Row],[Year Start Date]] -> 1997
B96: 94 | C96: DRJ-16 | D96: Drill and Complete | E96: 25 | F96: 3237 | G96: 24.583333 | H96: 0 | I96: 0 | J96: 35453 | K96: 35454 | L96: INTCSG1, CSGCMT | M96: =IFERROR(INDEX(Table2[Campaign], MATCH(Table4[[#This Row],[Well Name (WellView Version)]], Table2[Well Name Actual], 0)), "A_Others") -> A_Others | N96: =IF(Table4[[#This Row],[Report Number]]=_xlfn.MINIFS(Table4[Report Number], Table4[Well Name (WellView Version)], Table4[[#This Row],[Well Name (WellView Version)]]), Table4[[#This Row],[Depth End (MD)]], Table4[[#This Row],[Depth End (MD)]]-F95) -> 0 | O96: =IF(Table4[[#This Row],[Report Number]]=_xlfn.MINIFS(Table4[Report Number], Table4[Well Name (WellView Version)], Table4[[#This Row],[Well Name (WellView Version)]]), Table4[[#This Row],[Cum Time Log Days_WV]], Table4[[#This Row],[Cum Time Log Days_WV]]-G95) -> 1 | P96: =(Table4[[#This Row],[dZ ft]]<=50)*Table4[[#This Row],[dT days]] -> 1 | Q96: =YEAR(Table4[[#This Row],[Report Start Date]]) -> 1997 | R96: =Table4[[#This Row],[Year Start Date]] -> 1997
B97: 95 | C97: DRJ-16 | D97: Drill and Complete | E97: 26 | F97: 3676 | G97: 25.583333 | H97: 0 | I97: 0 | J97: 35454 | K97: 35455 | L97: INTCSG1, CSGCMT | M97: =IFERROR(INDEX(Table2[Campaign], MATCH(Table4[[#This Row],[Well Name (WellView Version)]], Table2[Well Name Actual], 0)), "A_Others") -> A_Others | N97: =IF(Table4[[#This Row],[Report Number]]=_xlfn.MINIFS(Table4[Report Number], Table4[Well Name (WellView Version)], Table4[[#This Row],[Well Name (WellView Version)]]), Table4[[#This Row],[Depth End (MD)]], Table4[[#This Row],[Depth End (MD)]]-F96) -> 439 | O97: =IF(Table4[[#This Row],[Report Number]]=_xlfn.MINIFS(Table4[Report Number], Table4[Well Name (WellView Version)], Table4[[#This Row],[Well Name (WellView Version)]]), Table4[[#This Row],[Cum Time Log Days_WV]], Table4[[#This Row],[Cum Time Log Days_WV]]-G96) -> 1 | P97: =(Table4[[#This Row],[dZ ft]]<=50)*Table4[[#This Row],[dT days]] -> 0 | Q97: =YEAR(Table4[[#This Row],[Report Start Date]]) -> 1997 | R97: =Table4[[#This Row],[Year Start Date]] -> 1997
... B116: 114 | C116: DRJ-16 | D116: Drill and Complete | E116: 45 | F116: 6367 | G116: 44.583333 | H116: 0 | I116: 0 | J116: 35473 | K116: 35474 | L116: PRODLNR1, CSGCMT | M116: =IFERROR(INDEX(Table2[Campaign], MATCH(Table4[[#This Row],[Well Name (WellView Version)]], Table2[Well Name Actual], 0)), "A_Others") -> A_Others | N116: =IF(Table4[[#This Row],[Report Number]]=_xlfn.MINIFS(Table4[Report Number], Table4[Well Name (WellView Version)], Table4[[#This Row],[Well Name (WellView Version)]]), Table4[[#This Row],[Depth End (MD)]], Table4[[#This Row],[Depth End (MD)]]-F115) -> 0 | O116: =IF(Table4[[#This Row],[Report Number]]=_xlfn.MINIFS(Table4[Report Number], Table4[Well Name (WellView Version)], Table4[[#This Row],[Well Name (WellView Version)]]), Table4[[#This Row],[Cum Time Log Days_WV]], Table4[[#This Row],[Cum Time Log Days_WV]]-G115) -> 1 | P116: =(Table4[[#This Row],[dZ ft]]<=50)*Table4[[#This Row],[dT days]] -> 1 | Q116: =YEAR(Table4[[#This Row],[Report Start Date]]) -> 1997 | R116: =Table4[[#This Row],[Year Start Date]] -> 1997
B117: 115 | C117: DRJ-37 | D117: Drill and Complete | E117: 1 | F117: 0 | G117: 1 | J117: 40222 | K117: 40223 | M117: =IFERROR(INDEX(Table2[Campaign], MATCH(Table4[[#This Row],[Well Name (WellView Version)]], Table2[Well Name Actual], 0)), "A_Others") -> A_Others | N117: =IF(Table4[[#This Row],[Report Number]]=_xlfn.MINIFS(Table4[Report Number], Table4[Well Name (WellView Version)], Table4[[#This Row],[Well Name (WellView Version)]]), Table4[[#This Row],[Depth End (MD)]], Table4[[#This Row],[Depth End (MD)]]-F116) -> 0 | O117: =IF(Table4[[#This Row],[Report Number]]=_xlfn.MINIFS(Table4[Report Number], Table4[Well Name (WellView Version)], Table4[[#This Row],[Well Name (WellView Version)]]), Table4[[#This Row],[Cum Time Log Days_WV]], Table4[[#This Row],[Cum Time Log Days_WV]]-G116) -> 1 | P117: =(Table4[[#This Row],[dZ ft]]<=50)*Table4[[#This Row],[dT days]] -> 1 | Q117: =YEAR(Table4[[#This Row],[Report Start Date]]) -> 2010 | R117: =Table4[[#This Row],[Year Start Date]] -> 2010
B118: 116 | C118: DRJ-37 | D118: Drill and Complete | E118: 2 | F118: 0 | G118: 2 | J118: 40223 | K118: 40224 | M118: =IFERROR(INDEX(Table2[Campaign], MATCH(Table4[[#This Row],[Well Name (WellView Version)]], Table2[Well Name Actual], 0)), "A_Others") -> A_Others | N118: =IF(Table4[[#This Row],[Report Number]]=_xlfn.MINIFS(Table4[Report Number], Table4[Well Name (WellView Version)], Table4[[#This Row],[Well Name (WellView Version)]]), Table4[[#This Row],[Depth End (MD)]], Table4[[#This Row],[Depth End (MD)]]-F117) -> 0 | O118: =IF(Table4[[#This Row],[Report Number]]=_xlfn.MINIFS(Table4[Report Number], Table4[Well Name (WellView Version)], Table4[[#This Row],[Well Name (WellView Version)]]), Table4[[#This Row],[Cum Time Log Days_WV]], Table4[[#This Row],[Cum Time Log Days_WV]]-G117) -> 1 | P118: =(Table4[[#This Row],[dZ ft]]<=50)*Table4[[#This Row],[dT days]] -> 1 | Q118: =YEAR(Table4[[#This Row],[Report Start Date]]) -> 2010 | R118: =Table4[[#This Row],[Year Start Date]] -> 2010
B119: 117 | C119: DRJ-37 | D119: Drill and Complete | E119: 3 | F119: 0 | G119: 3 | J119: 40224 | K119: 40225 | M119: =IFERROR(INDEX(Table2[Campaign], MATCH(Table4[[#This Row],[Well Name (WellView Version)]], Table2[Well Name Actual], 0)), "A_Others") -> A_Others | N119: =IF(Table4[[#This Row],[Report Number]]=_xlfn.MINIFS(Table4[Report Number], Table4[Well Name (WellView Version)], Table4[[#This Row],[Well Name (WellView Version)]]), Table4[[#This Row],[Depth End (MD)]], Table4[[#This Row],[Depth End (MD)]]-F118) -> 0 | O119: =IF(Table4[[#This Row],[Report Number]]=_xlfn.MINIFS(Table4[Report Number], Table4[Well Name (WellView Version)], Table4[[#This Row],[Well Name (WellView Version)]]), Table4[[#This Row],[Cum Time Log Days_WV]], Table4[[#This Row],[Cum Time Log Days_WV]]-G118) -> 1 | P119: =(Table4[[#This Row],[dZ ft]]<=50)*Table4[[#This Row],[dT days]] -> 1 | Q119: =YEAR(Table4[[#This Row],[Report Start Date]]) -> 2010 | R119: =Table4[[#This Row],[Year Start Date]] -> 2010
B120: 118 | C120: DRJ-37 | D120: Drill and Complete | E120: 4 | F120: 0 | G120: 4 | J120: 40225 | K120: 40226 | M120: =IFERROR(INDEX(Table2[Campaign], MATCH(Table4[[#This Row],[Well Name (WellView Version)]], Table2[Well Name Actual], 0)), "A_Others") -> A_Others | N120: =IF(Table4[[#This Row],[Report Number]]=_xlfn.MINIFS(Table4[Report Number], Table4[Well Name (WellView Version)], Table4[[#This Row],[Well Name (WellView Version)]]), Table4[[#This Row],[Depth End (MD)]], Table4[[#This Row],[Depth End (MD)]]-F119) -> 0 | O120: =IF(Table4[[#This Row],[Report Number]]=_xlfn.MINIFS(Table4[Report Number], Table4[Well Name (WellView Version)], Table4[[#This Row],[Well Name (WellView Version)]]), Table4[[#This Row],[Cum Time Log Days_WV]], Table4[[#This Row],[Cum Time Log Days_WV]]-G119) -> 1 | P120: =(Table4[[#This Row],[dZ ft]]<=50)*Table4[[#This Row],[dT days]] -> 1 | Q120: =YEAR(Table4[[#This Row],[Report Start Date]]) -> 2010 | R120: =Table4[[#This Row],[Year Start Date]] -> 2010
B121: 119 | C121: DRJ-37 | D121: Drill and Complete | E121: 5 | F121: 0 | G121: 5 | J121: 40226 | K121: 40227 | M121: =IFERROR(INDEX(Table2[Campaign], MATCH(Table4[[#This Row],[Well Name (WellView Version)]], Table2[Well Name Actual], 0)), "A_Others") -> A_Others | N121: =IF(Table4[[#This Row],[Report Number]]=_xlfn.MINIFS(Table4[Report Number], Table4[Well Name (WellView Version)], Table4[[#This Row],[Well Name (WellView Version)]]), Table4[[#This Row],[Depth End (MD)]], Table4[[#This Row],[Depth End (MD)]]-F120) -> 0 | O121: =IF(Table4[[#This Row],[Report Number]]=_xlfn.MINIFS(Table4[Report Number], Table4[Well Name (WellView Version)], Table4[[#This Row],[Well Name (WellView Version)]]), Table4[[#This Row],[Cum Time Log Days_WV]], Table4[[#This Row],[Cum Time Log Days_WV]]-G120) -> 1 | P121: =(Table4[[#This Row],[dZ ft]]<=50)*Table4[[#This Row],[dT days]] -> 1 | Q121: =YEAR(Table4[[#This Row],[Report Start Date]]) -> 2010 | R121: =Table4[[#This Row],[Year Start Date]] -> 2010
B122: 120 | C122: DRJ-37 | D122: Drill and Complete | E122: 6 | F122: 0 | G122: 6 | J122: 40227 | K122: 40228 | M122: =IFERROR(INDEX(Table2[Campaign], MATCH(Table4[[#This Row],[Well Name (WellView Version)]], Table2[Well Name Actual], 0)), "A_Others") -> A_Others | N122: =IF(Table4[[#This Row],[Report Number]]=_xlfn.MINIFS(Table4[Report Number], Table4[Well Name (WellView Version)], Table4[[#This Row],[Well Name (WellView Version)]]), Table4[[#This Row],[Depth End (MD)]], Table4[[#This Row],[Depth End (MD)]]-F121) -> 0 | O122: =IF(Table4[[#This Row],[Report Number]]=_xlfn.MINIFS(Table4[Report Number], Table4[Well Name (WellView Version)], Table4[[#This Row],[Well Name (WellView Version)]]), Table4[[#This Row],[Cum Time Log Days_WV]], Table4[[#This Row],[Cum Time Log Days_WV]]-G121) -> 1 | P122: =(Table4[[#This Row],[dZ ft]]<=50)*Table4[[#This Row],[dT days]] -> 1 | Q122: =YEAR(Table4[[#This Row],[Report Start Date]]) -> 2010 | R122: =Table4[[#This Row],[Year Start Date]] -> 2010
B123: 121 | C123: DRJ-37 | D123: Drill and Complete | E123: 7 | F123: 0 | G123: 7 | J123: 40228 | K123: 40229 | M123: =IFERROR(INDEX(Table2[Campaign], MATCH(Table4[[#This Row],[Well Name (WellView Version)]], Table2[Well Name Actual], 0)), "A_Others") -> A_Others | N123: =IF(Table4[[#This Row],[Report Number]]=_xlfn.MINIFS(Table4[Report Number], Table4[Well Name (WellView Version)], Table4[[#This Row],[Well Name (WellView Version)]]), Table4[[#This Row],[Depth End (MD)]], Table4[[#This Row],[Depth End (MD)]]-F122) -> 0 | O123: =IF(Table4[[#This Row],[Report Number]]=_xlfn.MINIFS(Table4[Report Number], Table4[Well Name (WellView Version)], Table4[[#This Row],[Well Name (WellView Version)]]), Table4[[#This Row],[Cum Time Log Days_WV]], Table4[[#This Row],[Cum Time Log Days_WV]]-G122) -> 1 | P123: =(Table4[[#This Row],[dZ ft]]<=50)*Table4[[#This Row],[dT days]] -> 1 | Q123: =YEAR(Table4[[#This Row],[Report Start Date]]) -> 2010 | R123: =Table4[[#This Row],[Year Start Date]] -> 2010
B124: 122 | C124: DRJ-37 | D124: Drill and Complete | E124: 8 | F124: 0 | G124: 8 | J124: 40229 | K124: 40230 | M124: =IFERROR(INDEX(Table2[Campaign], MATCH(Table4[[#This Row],[Well Name (WellView Version)]], Table2[Well Name Actual], 0)), "A_Others") -> A_Others | N124: =IF(Table4[[#This Row],[Report Number]]=_xlfn.MINIFS(Table4[Report Number], Table4[Well Name (WellView Version)], Table4[[#This Row],[Well Name (WellView Version)]]), Table4[[#This Row],[Depth End (MD)]], Table4[[#This Row],[Depth End (MD)]]-F123) -> 0 | O124: =IF(Table4[[#This Row],[Report Number]]=_xlfn.MINIFS(Table4[Report Number], Table4[Well Name (WellView Version)], Table4[[#This Row],[Well Name (WellView Version)]]), Table4[[#This Row],[Cum Time Log Days_WV]], Table4[[#This Row],[Cum Time Log Days_WV]]-G123) -> 1 | P124: =(Table4[[#This Row],[dZ ft]]<=50)*Table4[[#This Row],[dT days]] -> 1 | Q124: =YEAR(Table4[[#This Row],[Report Start Date]]) -> 2010 | R124: =Table4[[#This Row],[Year Start Date]] -> 2010
B125: 123 | C125: DRJ-37 | D125: Drill and Complete | E125: 9 | F125: 0 | G125: 9 | J125: 40230 | K125: 40231 | M125: =IFERROR(INDEX(Table2[Campaign], MATCH(Table4[[#This Row],[Well Name (WellView Version)]], Table2[Well Name Actual], 0)), "A_Others") -> A_Others | N125: =IF(Table4[[#This Row],[Report Number]]=_xlfn.MINIFS(Table4[Report Number], Table4[Well Name (WellView Version)], Table4[[#This Row],[Well Name (WellView Version)]]), Table4[[#This Row],[Depth End (MD)]], Table4[[#This Row],[Depth End (MD)]]-F124) -> 0 | O125: =IF(Table4[[#This Row],[Report Number]]=_xlfn.MINIFS(Table4[Report Number], Table4[Well Name (WellView Version)], Table4[[#This Row],[Well Name (WellView Version)]]), Table4[[#This Row],[Cum Time Log Days_WV]], Table4[[#This Row],[Cum Time Log Days_WV]]-G124) -> 1 | P125: =(Table4[[#This Row],[dZ ft]]<=50)*Table4[[#This Row],[dT days]] -> 1 | Q125: =YEAR(Table4[[#This Row],[Report Start Date]]) -> 2010 | R125: =Table4[[#This Row],[Year Start Date]] -> 2010
B126: 124 | C126: DRJ-37 | D126: Drill and Complete | E126: 10 | F126: 0 | G126: 10 | J126: 40231 | K126: 40232 | M126: =IFERROR(INDEX(Table2[Campaign], MATCH(Table4[[#This Row],[Well Name (WellView Version)]], Table2[Well Name Actual], 0)), "A_Others") -> A_Others | N126: =IF(Table4[[#This Row],[Report Number]]=_xlfn.MINIFS(Table4[Report Number], Table4[Well Name (WellView Version)], Table4[[#This Row],[Well Name (WellView Version)]]), Table4[[#This Row],[Depth End (MD)]], Table4[[#This Row],[Depth End (MD)]]-F125) -> 0 | O126: =IF(Table4[[#This Row],[Report Number]]=_xlfn.MINIFS(Table4[Report Number], Table4[Well Name (WellView Version)], Table4[[#This Row],[Well Name (WellView Version)]]), Table4[[#This Row],[Cum Time Log Days_WV]], Table4[[#This Row],[Cum Time Log Days_WV]]-G125) -> 1 | P126: =(Table4[[#This Row],[dZ ft]]<=50)*Table4[[#This Row],[dT days]] -> 1 | Q126: =YEAR(Table4[[#This Row],[Report Start Date]]) -> 2010 | R126: =Table4[[#This Row],[Year Start Date]] -> 2010
B127: 125 | C127: DRJ-37 | D127: Drill and Complete | E127: 11 | F127: 0 | G127: 11 | J127: 40232 | K127: 40233 | M127: =IFERROR(INDEX(Table2[Campaign], MATCH(Table4[[#This Row],[Well Name (WellView Version)]], Table2[Well Name Actual], 0)), "A_Others") -> A_Others | N127: =IF(Table4[[#This Row],[Report Number]]=_xlfn.MINIFS(Table4[Report Number], Table4[Well Name (WellView Version)], Table4[[#This Row],[Well Name (WellView Version)]]), Table4[[#This Row],[Depth End (MD)]], Table4[[#This Row],[Depth End (MD)]]-F126) -> 0 | O127: =IF(Table4[[#This Row],[Report Number]]=_xlfn.MINIFS(Table4[Report Number], Table4[Well Name (WellView Version)], Table4[[#This Row],[Well Name (WellView Version)]]), Table4[[#This Row],[Cum Time Log Days_WV]], Table4[[#This Row],[Cum Time Log Days_WV]]-G126) -> 1 | P127: =(Table4[[#This Row],[dZ ft]]<=50)*Table4[[#This Row],[dT days]] -> 1 | Q127: =YEAR(Table4[[#This Row],[Report Start Date]]) -> 2010 | R127: =Table4[[#This Row],[Year Start Date]] -> 2010
B128: 126 | C128: DRJ-37 | D128: Drill and Complete | E128: 12 | F128: 0 | G128: 12 | J128: 40233 | K128: 40234 | M128: =IFERROR(INDEX(Table2[Campaign], MATCH(Table4[[#This Row],[Well Name (WellView Version)]], Table2[Well Name Actual], 0)), "A_Others") -> A_Others | N128: =IF(Table4[[#This Row],[Report Number]]=_xlfn.MINIFS(Table4[Report Number], Table4[Well Name (WellView Version)], Table4[[#This Row],[Well Name (WellView Version)]]), Table4[[#This Row],[Depth End (MD)]], Table4[[#This Row],[Depth End (MD)]]-F127) -> 0 | O128: =IF(Table4[[#This Row],[Report Number]]=_xlfn.MINIFS(Table4[Report Number], Table4[Well Name (WellView Version)], Table4[[#This Row],[Well Name (WellView Version)]]), Table4[[#This Row],[Cum Time Log Days_WV]], Table4[[#This Row],[Cum Time Log Days_WV]]-G127) -> 1 | P128: =(Table4[[#This Row],[dZ ft]]<=50)*Table4[[#This Row],[dT days]] -> 1 | Q128: =YEAR(Table4[[#This Row],[Report Start Date]]) -> 2010 | R128: =Table4[[#This Row],[Year Start Date]] -> 2010
... B139: 137 | C139: DRJ-37 | D139: Drill and Complete | E139: 23 | F139: 0 | G139: 23 | J139: 40244 | K139: 40245 | M139: =IFERROR(INDEX(Table2[Campaign], MATCH(Table4[[#This Row],[Well Name (WellView Version)]], Table2[Well Name Actual], 0)), "A_Others") -> A_Others | N139: =IF(Table4[[#This Row],[Report Number]]=_xlfn.MINIFS(Table4[Report Number], Table4[Well Name (WellView Version)], Table4[[#This Row],[Well Name (WellView Version)]]), Table4[[#This Row],[Depth End (MD)]], Table4[[#This Row],[Depth End (MD)]]-F138) -> 0 | O139: =IF(Table4[[#This Row],[Report Number]]=_xlfn.MINIFS(Table4[Report Number], Table4[Well Name (WellView Version)], Table4[[#This Row],[Well Name (WellView Version)]]), Table4[[#This Row],[Cum Time Log Days_WV]], Table4[[#This Row],[Cum Time Log Days_WV]]-G138) -> 1 | P139: =(Table4[[#This Row],[dZ ft]]<=50)*Table4[[#This Row],[dT days]] -> 1 | Q139: =YEAR(Table4[[#This Row],[Report Start Date]]) -> 2010 | R139: =Table4[[#This Row],[Year Start Date]] -> 2010
B140: 138 | C140: DRJ-37 | D140: Drill and Complete | E140: 24 | F140: 1516 | G140: 24 | H140: 0 | I140: 0 | J140: 40245 | K140: 40246 | L140: INTCSG1, CSGCMT | M140: =IFERROR(INDEX(Table2[Campaign], MATCH(Table4[[#This Row],[Well Name (WellView Version)]], Table2[Well Name Actual], 0)), "A_Others") -> A_Others | N140: =IF(Table4[[#This Row],[Report Number]]=_xlfn.MINIFS(Table4[Report Number], Table4[Well Name (WellView Version)], Table4[[#This Row],[Well Name (WellView Version)]]), Table4[[#This Row],[Depth End (MD)]], Table4[[#This Row],[Depth End (MD)]]-F139) -> 1516 | O140: =IF(Table4[[#This Row],[Report Number]]=_xlfn.MINIFS(Table4[Report Number], Table4[Well Name (WellView Version)], Table4[[#This Row],[Well Name (WellView Version)]]), Table4[[#This Row],[Cum Time Log Days_WV]], Table4[[#This Row],[Cum Time Log Days_WV]]-G139) -> 1 | P140: =(Table4[[#This Row],[dZ ft]]<=50)*Table4[[#This Row],[dT days]] -> 0 | Q140: =YEAR(Table4[[#This Row],[Report Start Date]]) -> 2010 | R140: =Table4[[#This Row],[Year Start Date]] -> 2010
B141: 139 | C141: DRJ-37 | D141: Drill and Complete | E141: 25 | F141: 1516 | G141: 25 | H141: 0 | I141: 0 | J141: 40246 | K141: 40247 | L141: INTCSG1, CSGCMT | M141: =IFERROR(INDEX(Table2[Campaign], MATCH(Table4[[#This Row],[Well Name (WellView Version)]], Table2[Well Name Actual], 0)), "A_Others") -> A_Others | N141: =IF(Table4[[#This Row],[Report Number]]=_xlfn.MINIFS(Table4[Report Number], Table4[Well Name (WellView Version)], Table4[[#This Row],[Well Name (WellView Version)]]), Table4[[#This Row],[Depth End (MD)]], Table4[[#This Row],[Depth End (MD)]]-F140) -> 0 | O141: =IF(Table4[[#This Row],[Report Number]]=_xlfn.MINIFS(Table4[Report Number], Table4[Well Name (WellView Version)], Table4[[#This Row],[Well Name (WellView Version)]]), Table4[[#This Row],[Cum Time Log Days_WV]], Table4[[#This Row],[Cum Time Log Days_WV]]-G140) -> 1 | P141: =(Table4[[#This Row],[dZ ft]]<=50)*Table4[[#This Row],[dT days]] -> 1 | Q141: =YEAR(Table4[[#This Row],[Report Start Date]]) -> 2010 | R141: =Table4[[#This Row],[Year Start Date]] -> 2010
B142: 140 | C142: DRJ-37 | D142: Drill and Complete | E142: 26 | F142: 1516 | G142: 26 | H142: 0 | I142: 0 | J142: 40247 | K142: 40248 | L142: INTCSG1, CSGCMT | M142: =IFERROR(INDEX(Table2[Campaign], MATCH(Table4[[#This Row],[Well Name (WellView Version)]], Table2[Well Name Actual], 0)), "A_Others") -> A_Others | N142: =IF(Table4[[#This Row],[Report Number]]=_xlfn.MINIFS(Table4[Report Number], Table4[Well Name (WellView Version)], Table4[[#This Row],[Well Name (WellView Version)]]), Table4[[#This Row],[Depth End (MD)]], Table4[[#This Row],[Depth End (MD)]]-F141) -> 0 | O142: =IF(Table4[[#This Row],[Report Number]]=_xlfn.MINIFS(Table4[Report Number], Table4[Well Name (WellView Version)], Table4[[#This Row],[Well Name (WellView Version)]]), Table4[[#This Row],[Cum Time Log Days_WV]], Table4[[#This Row],[Cum Time Log Days_WV]]-G141) -> 1 | P142: =(Table4[[#This Row],[dZ ft]]<=50)*Table4[[#This Row],[dT days]] -> 1 | Q142: =YEAR(Table4[[#This Row],[Report Start Date]]) -> 2010 | R142: =Table4[[#This Row],[Year Start Date]] -> 2010
B143: 141 | C143: DRJ-37 | D143: Drill and Complete | E143: 27 | F143: 2748 | G143: 27 | H143: 0 | I143: 0 | J143: 40248 | K143: 40249 | L143: INTCSG1, CSGCMT | M143: =IFERROR(INDEX(Table2[Campaign], MATCH(Table4[[#This Row],[Well Name (WellView Version)]], Table2[Well Name Actual], 0)), "A_Others") -> A_Others | N143: =IF(Table4[[#This Row],[Report Number]]=_xlfn.MINIFS(Table4[Report Number], Table4[Well Name (WellView Version)], Table4[[#This Row],[Well Name (WellView Version)]]), Table4[[#This Row],[Depth End (MD)]], Table4[[#This Row],[Depth End (MD)]]-F142) -> 1232 | O143: =IF(Table4[[#This Row],[Report Number]]=_xlfn.MINIFS(Table4[Report Number], Table4[Well Name (WellView Version)], Table4[[#This Row],[Well Name (WellView Version)]]), Table4[[#This Row],[Cum Time Log Days_WV]], Table4[[#This Row],[Cum Time Log Days_WV]]-G142) -> 1.0000001 | P143: =(Table4[[#This Row],[dZ ft]]<=50)*Table4[[#This Row],[dT days]] -> 0 | Q143: =YEAR(Table4[[#This Row],[Report Start Date]]) -> 2010 | R143: =Table4[[#This Row],[Year Start Date]] -> 2010
B144: 142 | C144: DRJ-37 | D144: Drill and Complete | E144: 28 | F144: 2748 | G144: 28 | H144: 0 | I144: 0 | J144: 40249 | K144: 40250 | L144: INTCSG1, CSGCMT | M144: =IFERROR(INDEX(Table2[Campaign], MATCH(Table4[[#This Row],[Well Name (WellView Version)]], Table2[Well Name Actual], 0)), "A_Others") -> A_Others | N144: =IF(Table4[[#This Row],[Report Number]]=_xlfn.MINIFS(Table4[Report Number], Table4[Well Name (WellView Version)], Table4[[#This Row],[Well Name (WellView Version)]]), Table4[[#This Row],[Depth End (MD)]], Table4[[#This Row],[Depth End (MD)]]-F143) -> 0 | O144: =IF(Table4[[#This Row],[Report Number]]=_xlfn.MINIFS(Table4[Report Number], Table4[Well Name (WellView Version)], Table4[[#This Row],[Well Name (WellView Version)]]), Table4[[#This Row],[Cum Time Log Days_WV]], Table4[[#This Row],[Cum Time Log Days_WV]]-G143) -> 1 | P144: =(Table4[[#This Row],[dZ ft]]<=50)*Table4[[#This Row],[dT days]] -> 1 | Q144: =YEAR(Table4[[#This Row],[Report Start Date]]) -> 2010 | R144: =Table4[[#This Row],[Year Start Date]] -> 2010
B145: 143 | C145: DRJ-37 | D145: Drill and Complete | E145: 29 | F145: 3696.9999 | G145: 29 | H145: 0 | I145: 0 | J145: 40250 | K145: 40251 | L145: DRLGLNR1, CSGCMT | M145: =IFERROR(INDEX(Table2[Campaign], MATCH(Table4[[#This Row],[Well Name (WellView Version)]], Table2[Well Name Actual], 0)), "A_Others") -> A_Others | N145: =IF(Table4[[#This Row],[Report Number]]=_xlfn.MINIFS(Table4[Report Number], Table4[Well Name (WellView Version)], Table4[[#This Row],[Well Name (WellView Version)]]), Table4[[#This Row],[Depth End (MD)]], Table4[[#This Row],[Depth End (MD)]]-F144) -> 948.99994 | O145: =IF(Table4[[#This Row],[Report Number]]=_xlfn.MINIFS(Table4[Report Number], Table4[Well Name (WellView Version)], Table4[[#This Row],[Well Name (WellView Version)]]), Table4[[#This Row],[Cum Time Log Days_WV]], Table4[[#This Row],[Cum Time Log Days_WV]]-G144) -> 1 | P145: =(Table4[[#This Row],[dZ ft]]<=50)*Table4[[#This Row],[dT days]] -> 0 | Q145: =YEAR(Table4[[#This Row],[Report Start Date]]) -> 2010 | R145: =Table4[[#This Row],[Year Start Date]] -> 2010
B146: 144 | C146: DRJ-37 | D146: Drill and Complete | E146: 30 | F146: 3696.9999 | G146: 30 | H146: 0 | I146: 0 | J146: 40251 | K146: 40252 | L146: DRLGLNR1, CSGCMT | M146: =IFERROR(INDEX(Table2[Campaign], MATCH(Table4[[#This Row],[Well Name (WellView Version)]], Table2[Well Name Actual], 0)), "A_Others") -> A_Others | N146: =IF(Table4[[#This Row],[Report Number]]=_xlfn.MINIFS(Table4[Report Number], Table4[Well Name (WellView Version)], Table4[[#This Row],[Well Name (WellView Version)]]), Table4[[#This Row],[Depth End (MD)]], Table4[[#This Row],[Depth End (MD)]]-F145) -> 0 | O146: =IF(Table4[[#This Row],[Report Number]]=_xlfn.MINIFS(Table4[Report Number], Table4[Well Name (WellView Version)], Table4[[#This Row],[Well Name (WellView Version)]]), Table4[[#This Row],[Cum Time Log Days_WV]], Table4[[#This Row],[Cum Time Log Days_WV]]-G145) -> 1 | P146: =(Table4[[#This Row],[dZ ft]]<=50)*Table4[[#This Row],[dT days]] -> 1 | Q146: =YEAR(Table4[[#This Row],[Report Start Date]]) -> 2010 | R146: =Table4[[#This Row],[Year Start Date]] -> 2010
B147: 145 | C147: DRJ-37 | D147: Drill and Complete | E147: 31 | F147: 3696.9999 | G147: 31 | H147: 0 | I147: 0 | J147: 40252 | K147: 40253 | L147: DRLGLNR, TB | M147: =IFERROR(INDEX(Table2[Campaign], MATCH(Table4[[#This Row],[Well Name (WellView Version)]], Table2[Well Name Actual], 0)), "A_Others") -> A_Others | N147: =IF(Table4[[#This Row],[Report Number]]=_xlfn.MINIFS(Table4[Report Number], Table4[Well Name (WellView Version)], Table4[[#This Row],[Well Name (WellView Version)]]), Table4[[#This Row],[Depth End (MD)]], Table4[[#This Row],[Depth End (MD)]]-F146) -> 0 | O147: =IF(Table4[[#This Row],[Report Number]]=_xlfn.MINIFS(Table4[Report Number], Table4[Well Name (WellView Version)], Table4[[#This Row],[Well Name (WellView Version)]]), Table4[[#This Row],[Cum Time Log Days_WV]], Table4[[#This Row],[Cum Time Log Days_WV]]-G146) -> 1 | P147: =(Table4[[#This Row],[dZ ft]]<=50)*Table4[[#This Row],[dT days]] -> 1 | Q147: =YEAR(Table4[[#This Row],[Report Start Date]]) -> 2010 | R147: =Table4[[#This Row],[Year Start Date]] -> 2010
B148: 146 | C148: DRJ-37 | D148: Drill and Complete | E148: 32 | F148: 3696.9999 | G148: 32 | H148: 0 | I148: 0 | J148: 40253 | K148: 40254 | L148: DRLGLNR, TB | M148: =IFERROR(INDEX(Table2[Campaign], MATCH(Table4[[#This Row],[Well Name (WellView Version)]], Table2[Well Name Actual], 0)), "A_Others") -> A_Others | N148: =IF(Table4[[#This Row],[Report Number]]=_xlfn.MINIFS(Table4[Report Number], Table4[Well Name (WellView Version)], Table4[[#This Row],[Well Name (WellView Version)]]), Table4[[#This Row],[Depth End (MD)]], Table4[[#This Row],[Depth End (MD)]]-F147) -> 0 | O148: =IF(Table4[[#This Row],[Report Number]]=_xlfn.MINIFS(Table4[Report Number], Table4[Well Name (WellView Version)], Table4[[#This Row],[Well Name (WellView Version)]]), Table4[[#This Row],[Cum Time Log Days_WV]], Table4[[#This Row],[Cum Time Log Days_WV]]-G147) -> 1 | P148: =(Table4[[#This Row],[dZ ft]]<=50)*Table4[[#This Row],[dT days]] -> 1 | Q148: =YEAR(Table4[[#This Row],[Report Start Date]]) -> 2010 | R148: =Table4[[#This Row],[Year Start Date]] -> 2010
B149: 147 | C149: DRJ-37 | D149: Drill and Complete | E149: 33 | F149: 3696.9999 | G149: 33 | H149: 0 | I149: 0 | J149: 40254 | K149: 40255 | L149: DRLGLNR, TB | M149: =IFERROR(INDEX(Table2[Campaign], MATCH(Table4[[#This Row],[Well Name (WellView Version)]], Table2[Well Name Actual], 0)), "A_Others") -> A_Others | N149: =IF(Table4[[#This Row],[Report Number]]=_xlfn.MINIFS(Table4[Report Number], Table4[Well Name (WellView Version)], Table4[[#This Row],[Well Name (WellView Version)]]), Table4[[#This Row],[Depth End (MD)]], Table4[[#This Row],[Depth End (MD)]]-F148) -> 0 | O149: =IF(Table4[[#This Row],[Report Number]]=_xlfn.MINIFS(Table4[Report Number], Table4[Well Name (WellView Version)], Table4[[#This Row],[Well Name (WellView Version)]]), Table4[[#This Row],[Cum Time Log Days_WV]], Table4[[#This Row],[Cum Time Log Days_WV]]-G148) -> 1 | P149: =(Table4[[#This Row],[dZ ft]]<=50)*Table4[[#This Row],[dT days]] -> 1 | Q149: =YEAR(Table4[[#This Row],[Report Start Date]]) -> 2010 | R149: =Table4[[#This Row],[Year Start Date]] -> 2010
B150: 148 | C150: DRJ-37 | D150: Drill and Complete | E150: 34 | F150: 3696.9999 | G150: 34 | H150: 0 | I150: 0 | J150: 40255 | K150: 40256 | L150: DRLGLNR, TB | M150: =IFERROR(INDEX(Table2[Campaign], MATCH(Table4[[#This Row],[Well Name (WellView Version)]], Table2[Well Name Actual], 0)), "A_Others") -> A_Others | N150: =IF(Table4[[#This Row],[Report Number]]=_xlfn.MINIFS(Table4[Report Number], Table4[Well Name (WellView Version)], Table4[[#This Row],[Well Name (WellView Version)]]), Table4[[#This Row],[Depth End (MD)]], Table4[[#This Row],[Depth End (MD)]]-F149) -> 0 | O150: =IF(Table4[[#This Row],[Report Number]]=_xlfn.MINIFS(Table4[Report Number], Table4[Well Name (WellView Version)], Table4[[#This Row],[Well Name (WellView Version)]]), Table4[[#This Row],[Cum Time Log Days_WV]], Table4[[#This Row],[Cum Time Log Days_WV]]-G149) -> 1 | P150: =(Table4[[#This Row],[dZ ft]]<=50)*Table4[[#This Row],[dT days]] -> 1 | Q150: =YEAR(Table4[[#This Row],[Report Start Date]]) -> 2010 | R150: =Table4[[#This Row],[Year Start Date]] -> 2010
B151: 149 | C151: DRJ-37 | D151: Drill and Complete | E151: 35 | F151: 3696.9999 | G151: 35 | H151: 0 | I151: 0 | J151: 40256 | K151: 40257 | L151: DRLGLNR, TB | M151: =IFERROR(INDEX(Table2[Campaign], MATCH(Table4[[#This Row],[Well Name (WellView Version)]], Table2[Well Name Actual], 0)), "A_Others") -> A_Others | N151: =IF(Table4[[#This Row],[Report Number]]=_xlfn.MINIFS(Table4[Report Number], Table4[Well Name (WellView Version)], Table4[[#This Row],[Well Name (WellView Version)]]), Table4[[#This Row],[Depth End (MD)]], Table4[[#This Row],[Depth End (MD)]]-F150) -> 0 | O151: =IF(Table4[[#This Row],[Report Number]]=_xlfn.MINIFS(Table4[Report Number], Table4[Well Name (WellView Version)], Table4[[#This Row],[Well Name (WellView Version)]]), Table4[[#This Row],[Cum Time Log Days_WV]], Table4[[#This Row],[Cum Time Log Days_WV]]-G150) -> 1 | P151: =(Table4[[#This Row],[dZ ft]]<=50)*Table4[[#This Row],[dT days]] -> 1 | Q151: =YEAR(Table4[[#This Row],[Report Start Date]]) -> 2010 | R151: =Table4[[#This Row],[Year Start Date]] -> 2010
